id,博主名称,标题,正文内容,发布时间,点赞,收藏,评论,作者类型,叙述视角,内容主类型,是否涉及就医流程,是否涉及药物治疗,是否涉及共病/鉴别诊断,学习受影响,工作受影响,人际关系受影响,生活管理受影响,情绪管理受影响,是否直接引导自我判断,是否存在强共鸣式表达,是否提醒不要互联网诊断,是否建议寻求专业评估/医院就诊,是否提到早发性,是否提到跨情境性,是否提到持续性,是否提到功能损害,是否将普遍体验直接等同于ADHD,是否存在人格化/标签化/天赋化表达,是否存在商业导向,点赞数值,收藏数值,评论数值,作者类型标签,叙述视角标签,内容主类型标签,边界提醒
1,少年的声音Voice of Youth,ADHD科普指南❗️｜知道本身就是一种解脱,"很多时候我们总会怪罪自己，不知道为什么自己无法做到那些看似“理所应当”的事情。
	
注意力仿佛像风筝一下，明明想抓牢，却总被风吹到别的方向。
	
ADHDer们的生活中常常会遇到额外的挑战，在启动任务，执行任务与停止任务的过程中也常常会遇到困难。
	
直到成年，很多人才在一次次挫败与自我怀疑中发现：原来这不是“我不够好”的问题，而是我的大脑本来就与众不同。
	
当然希望大家不要互联网诊断，积极地寻求帮助。
💡 ADHD不是懒惰，也不是不努力。 💡 早期识别和获得支持，可以极大地改善学习、工作和生活。 💡 了解自己，就是一种改变。
	
这就是为什么我们想做这次科普。
我们想说：知道了，就已经是出发了。
	
#青少年心理 #adhd #adhd科普 #adhd症状 #女性adhd #成人adhd #青少年心理健康 #多动症 #注意力缺陷 #心理学",2025-04-27,587,162,14,2,2,2,0,0,0,0,0,0,1,1,0,1,1,0,0,0,0,1,0,0,0,587.0,162.0,14.0,心理咨询/心理科普账号,面向读者的科普/建议,科普纠偏类,1
2,菜醒,成人adhd华西就诊流程,"【基本流程】
线上问诊→医生开检查单→缴费预约检查→挂线下号→面诊→办理麻卡→拿药
	
【详细流程】
第一步：线上初诊与准备
1. 整理发育史：整理好从童年至今的成长、学习和行为表现发育史。
2. 挂线上问诊：检查adhd的医生见p2。
3. 提交信息：问诊时，将以文字形式整理好的发育史发给医生。
	
第二步：预约并完成检查
1. 开具检查：医生会根据情况，为你开具一系列ADHD评估检查项目，除此之外还有你个人及父母的线上调查问卷（详情见p3）。
2. 缴费预约：缴费后，即可预约检查时间，心电图在第一门诊，其他均在第二门诊。
⚠️请注意：部分检查可能排期较久，有的会长达一个半月。
	
第三步：线下复诊与确诊
1. 挂线下号：建议在完成所有检查之后，再预约线下门诊号，这样是最稳妥的做法。
2. 面诊确诊：带上所有检查报告面诊。医生会做出诊断。如果确诊并有用药需求，医生会提供病历单。
	
第四步：办理麻卡（如需用药）
1. 开具麻卡：持医生开具的病历单，到门诊大厅的“总服务台”办理。
2. 准备材料：办理时需出示本人《身份证原件》及《复印件》。
注：如果没提前复印，从大门出去左转，有一个棚子小卖部可以提供打印复印服务。
	
【相关问题】
1. 检查排期太久怎么办？
我从线上问诊到面诊完成实际只用了一周。推荐尽早到医院，检查时可询问医生是否有别人退号可补。我本人在开检查后，连续几天早上准点登录系统尝试改约，幸运改到了更早时间。
2. 检查大概费用是多少？
· 线上问诊：30元
· 检查费：495元
· 面诊费：22元
· 药品（30粒×18mg）：570元
合计：1117元
注：我个人未使用医保，不确定是否可用，欢迎了解的朋友补充说明。
3.害怕父母不配合怎么办?
这个问题我特意问过医生，医生说我们鼓励填写问卷，因为它是一个第三视角，能提供很有效的信息。但是成人这方面父母参与度比较低也是客观的，实在没有就只能没有了。我本人因个人原因无法让父母配合，但是也顺利确诊了。所以如果有类似疑虑的朋友不要太担心，做好你能做的即可。
4. 确诊后是否影响工作？
目前了解，可能会对部分商业保险投保/理赔有影响，对普通工作就业影响不大。如有其他了解，也欢迎在评论区补充。
5.吃了专注达就能变聪明吗？
并不能。这是一个常见误区。专注达主要用于缓解症状，且不一定对每个人都有效。成人ADHD无法根治，如果对生活影响较小，通常不建议服用，因为它可能会带来一系列副作用。
#成人adhd #adhd #华西",2025-09-12,189,158,71,3,3,3,1,1,0,0,0,0,0,0,0,0,0,1,1,0,0,0,0,0,0,189.0,158.0,71.0,患者/确诊者本人,混合型,确诊/就医流程类,1
3,Vivi的ADHD邪修日记🔮,成人女生ADHD症状总结：白日梦想家,"小时候只会做白日梦，但不多动，所以女生确诊时间总是很晚，平均30多岁才确诊，而男生十几岁就确诊
	
#女性ADHD #adhd#成人adhd #成人adhd日记 #成人女生adhd #adhd女生
	
👾ADHD科普的意义在于，“知道ADHD存在本身就是一种巨大的解脱”，你会知道分心不是你的错，你会知道过去的你真的辛苦了。
	
接下来我们可以理解自己、托举自己，一起来构建属于ADHD们的使用说明书，把我们的特点的天赋最大化！
	
🔽ADHD使用说明书阶段性进展（见合集）",2025-12-15,10万+,5.2万,8826,4,3,1,0,0,0,0,0,0,0,0,1,1,0,0,1,0,0,0,1,1,0,100000.0,52000.0,8826.0,疑似患者/自述困扰者,混合型,症状共鸣/自我识别类,0
4,祥子老师,不，你并没有 ADHD,"网络时代的自我诊断泛滥把普通现象包装成 ADHD 症状，导致许多人误以为自己“突然有了 ADHD”。
ADHD 并不会在成年后突然出现 科学共识：ADHD 属于神经发育性障碍，从儿童期就会出现，而非 20、30 岁后“突然发病”。
真正的 ADHD 具备一贯性与跨情境性 必须在多个场景（学业、工作、人际）长期存在影响，而不是只在压力大或疲劳时表现。
许多看似 ADHD 的表现其实有其他原因：
1. 睡眠不足
2. 焦虑
3. 情绪困扰
4. 现代信息过载
5. 社交媒体造成注意力断裂
6. 工作压力
7. 懒散或拖延被过度医疗化
	
误诊带来的风险：
1. 忽略真正的问题（情绪、生活方式、自我管理）
2. 依赖药物
3. 将所有困难归咎 ADHD，而不面对根源
	
如何真正判断自己是否需要评估：
1. 反思是否从小就存在症状
2. 观察是否跨场景持续影响生活
3. 是否在无压力、休息好的状态下仍持续困难
4. 寻求专业评估，而不是依赖网络资讯
	
你遇到的困难可能是真实的，但并不等同于 ADHD。面对问题不需要贴错标签，而需要正确理解与处理。
	
#多动症  #ADHD #ADHD儿童",2025-11-14,5479,2039,861,2,2,2,0,1,1,1,1,1,0,1,0,0,1,1,1,1,1,1,0,0,0,5479.0,2039.0,861.0,心理咨询/心理科普账号,面向读者的科普/建议,科普纠偏类,1
5,李安童,警惕❗️ADHD常见的10种共患病,ADHD患者们通常也会被诊断出并发的其他疾病和症状，症状可能同时发生也可彼此独立，单纯的ADHD患者大概有20-30%，大部分的A都深受共患病的困扰～干预可以解决一部分症状，还要观察共患病对患者的影响，可以通过运动，行为治疗等等途径寻找解决缓解方法～#ADHD #注意力分散 #A娃 #焦虑症躯体化 #抑郁症 #学习障碍,2024-12-14,1187,933,88,2,2,6,0,1,1,0,0,0,0,0,0,0,0,0,0,0,0,0,0,0,0,1187.0,933.0,88.0,心理咨询/心理科普账号,面向读者的科普/建议,共病/鉴别诊断类,0
6,离离离离离离离子,INFJ以为是自己的天赋实际上是ADHD,"“诶我不是天才来的吗”
怎么就确诊ADHD了
啊啊啊啊啊画不完根本画不完，那摸一会鱼吧
	
#INFJ #infj #MBTI #mbti #adhd #ADHD #infj观察日记",7天前 广东,1230,142,35,3,1,7,0,0,0,0,0,0,0,0,0,0,0,0,0,0,0,0,0,1,0,1230.0,142.0,35.0,患者/确诊者本人,第一人称亲历,身份认同/人格化/天赋化表达类,0
7,懂孩子的赵老师,成人ADHD症状总结:情绪过山车/白日梦想家,"女生ADHD表现更内隐，所以一般女性确诊时间平均为30岁，而男性ADHD在童年、青少年时期因攻击性和外化行为更容易被确诊。
#ADHD #ADHD症状 #女性ADHD #ADHD男女差异",2025-08-15,2597,1342,128,2,2,1,0,0,0,0,0,0,0,1,1,0,0,0,1,0,0,0,1,0,0,2597.0,1342.0,128.0,心理咨询/心理科普账号,面向读者的科普/建议,症状共鸣/自我识别类,0
8,无敌小菠萝,Adhd是怎么把自己逼上浙大的,"本人初高中期就表现出来一系列adhd的症状，
例如：
1.听别人说话听着听着开始神游状况外
2.无法投入在一件事上（甚至是娱乐），没有耐心
3.拖延拖到最后一刻
4.想做的事必须立刻马上去做，谁都不许干预
5.思维极度跳跃，想象力丰富，爱编剧本
	
高中那会儿还没有adhd这么好听的词汇，只知道123症状的自己是注意力不集中和拖延症太严重了，作业总是拖到最后一刻且做阅读理解读不到一半就开始莫名烦躁，本来按照这样下去我将会成为一名合格的混子，但是意外地我又发现我居然具有45的特质，于是我开始利用45。
	
比如我会幻想我考上xx大学会是什么样的生活，如果想美了且有可行性我就会把这个强制定位我的目标，在我这个目标以外的事情怎么拖延都可以，但是目标之内的事情要强迫自己雷打不动完成。
	
因为注意力非常非常难集中，做题的时候不是扣扣手就是扣扣头发，要么就是玩别的，反正总有能找到的好玩的东西，我开始想办法。一开始我发现在家里的小书房里效果会好一点点，但是封闭的空间只能在家里实现，后来在学校里我会穿戴帽子的衣服把帽子扣上来“隔绝”外界，可能心理上有了一种“隔离”的感觉，确实能专心一些。
	
再比如我的剧本偶尔会假设自己是一个成绩非常好的人，一张试卷发下来我就开始演戏，虽然正确率不能保证但是卷面工整清晰非常容易，这样偶尔一道难题被我不小心做对的时候非常有爽感，就好像我剧本里的事情成真了，演着演着就会发现自己真的能成这样的人。
	
再后来上了大学拖延症和注意力不集中更加一发不可收拾，去图书馆自习的时候，锁屏/种树软件对我来说都还有的玩，我只能强制把手机关机或者不带手机来强制自己专注。
	
但是adhd里对学习非常有用的一种特质就是思维极度活跃，因为思维活跃所以做题总是有新的思路和解发，并且思维活跃非常容易想到做过的题目，因为能捕捉到一些抽象的共通点，所以很容易将类似的题型进行对比或归纳总结，大大提高了我的学习效率。
	
总结下来提升专注力对我来说就是靠“演戏”和“隔离”，也是这样我一步步把自己逼成了强自律型人格。
	
#adhd #提升专注力 #自我驱动力 #拖延人的不拖延 #adhd自救 #专注力",02-04,2999,1285,90,4,1,5,0,0,0,1,0,0,0,1,0,0,0,0,1,0,1,1,1,1,0,2999.0,1285.0,90.0,疑似患者/自述困扰者,第一人称亲历,患者生活经验/困境叙事类,0
9,ADHD庇护所,童年“怪癖”大复盘，原来不是因为我事儿多！,"最近和👩‍⚕️复盘了一下自己的童年，发现很多“奇怪”的点都有了答案😮‍💨
分享出来看看有没有同款小伙伴！
但这不构成诊断，只是个人经历的总结哦！
🌟感官篇：我的身体好像格外挑剔
1️⃣穿不了高领毛衣/紧脖子的衣服。感觉像被人扼住了命运的喉咙，分分钟窒息，情绪瞬间暴躁。秋衣的领子也必须折下去，绝对不能碰到脖子。
2️⃣洗澡时，非常非常害怕脸沾到水
淋浴冲脸像上刑，感觉无法呼吸，心跳狂飙。别的小朋友玩水很开心，我洗澡像打仗。
3️⃣对某些声音极度敏感
听到别人嚼东西、吧唧嘴的声音，或者指甲刮黑板的声音，会瞬间烦躁到想逃离，甚至想发脾气。
4️⃣讨厌特定材质的衣服
至今我也不喜欢真丝，摸上去会让我觉得浑身不舒服。
	
🌟行为篇：我的小马达好像停不下来
1️⃣永远在丢东西
“橡皮呢？”“铅笔呢？”“红领巾呢？”是我每天的灵魂拷问。人走到学校，文具盒里的东西能少一半。钥匙就更别提了，经常流浪在邻居家…
2️⃣上课神游，但脑子里有部连续剧
老师讲课时，我可能在观察窗外的云变成了小狗，或者在心里自编自演一场武侠大戏。被点名时一脸懵，完全不知道问题是什么。
3️⃣话痨，忍不住插嘴
脑子里想到什么就必须立刻说出来，不然会忘记。经常打断别人说话，不是不礼貌，是真的很怕那个想法“飞走了”。
4️⃣做事虎头蛇尾
兴致勃勃地开了个头（比如练字、学乐器），但热情很快消退，留下一堆“未竟的事业”。
	
🌟情绪篇：我的内心是座活火山
1️⃣“一点就炸”
情绪开关好像坏掉了，非常容易因为小事瞬间崩溃，被家人说“脾气大”“娇气”。
2️⃣很难承受挫折
玩游戏输了、事情做不好，会立刻情绪失控，大哭大闹，很难接受失败。
	
👩‍⚕️总结：
这些表现，核心大多源于ADHD带来的感官处理差异、执行功能困难和情绪调节挑战。
ADHDer不是“作”，也不是“笨”，只是我们的大脑操作系统有点特别。
	
这些表现里，你中了几条？或者你有什么特别的经历吗？评论区等你聊聊！ 💬
如果你也对ADHD话题感兴趣，或者想了解成年后如何与它共处，欢迎关注@ADHD庇护所
之后会分享更多关于诊断、情绪管理和生活小技巧的干货！
注：个体差异很大，并非所有ADHDer都一样！不要凭借文章自行诊断！
#adhd #心理 #情绪管理 #高度敏感者 #童年",2025-11-20,4105,1338,1272,4,3,1,0,0,0,1,0,1,1,1,1,1,1,0,1,1,0,1,0,1,0,4105.0,1338.0,1272.0,疑似患者/自述困扰者,混合型,症状共鸣/自我识别类,1
10,pihril,一个分辨自己 是不是 adhd 的简单方式  看,#adhd  #adhd自救 #adhd科普,01-01,1386,454,286,9,2,1,0,0,0,0,0,0,0,0,1,0,0,0,0,0,0,0,1,0,0,1386.0,454.0,286.0,无法判断,面向读者的科普/建议,症状共鸣/自我识别类,0
11,Fawkes,互联网没有提到的ADHD典型特征,"互联网往往会把ADHD归为急躁，没有耐心，多动，没礼貌。其实这是对ADHD的刻板印象，希望这条帖子可以帮助到你更全面了解ADHD。
	
#ADHD #刻板印象#三分钟热度大赛 #科普 #girlstalk #多动症 #Allin我自己",2025-06-27,1.3万,4945,796,2,2,2,0,0,0,0,0,0,0,0,0,0,0,0,0,0,0,0,0,0,0,13000.0,4945.0,796.0,心理咨询/心理科普账号,面向读者的科普/建议,科普纠偏类,0
12,烤鸭饭全肯定,其实中国高中是ADHD友好学校。,"最近荷兰某大学开放了ADHD学习室
就是一个排好时间表的 有老师看着的 自习室（免费）
我一看这不国内高中晚自习吗
	
难怪我在国内成绩挺好一出国上了全自习型大学就彻底萎了…
	
#ADHD #荷兰 #中国高中",2025-02-13,1.2万,2082,2144,5,1,5,0,0,0,1,0,0,0,0,0,0,0,0,0,0,0,1,0,0,0,12000.0,2082.0,2144.0,普通泛生活博主,第一人称亲历,患者生活经验/困境叙事类,0
13,AI金三啊,adhd进来交出你最夯的早买早享受,"我早就想做这一期了。
	
平时看到一些好物推荐，
却没发现adhd朋友的好物分享，
索性我做一个帖子让大家自由发挥，
	
然后等大家评论差不多的时候，
做一个好物大盘点。
大家也可以订阅我这个专辑，
我会持续更新到100篇，现在已经五十几篇了。
#ADHD #ADHD自救 #集中注意力 #注意力分散 #注意力 #无限回购#控制购买欲 #好物推荐 #买买买日常",02-27 山东,1.3万,1万,1568,5,2,5,0,0,0,0,0,0,0,0,1,0,0,0,0,0,0,0,0,0,0,13000.0,10000.0,1568.0,普通泛生活博主,面向读者的科普/建议,患者生活经验/困境叙事类,0
14,菠萝柠檬茶,这样算能确诊成人adhd了吗？,"在华西做的检查，分两次检查完了，但是看不太懂报告，有懂一些的姐妹帮忙看看的吗
做持续操作检查的时候，中途进了一个医生干扰到我了，所以4位数测试我索性摆烂没做了可能会影响结果
————————————————————
我后来没有去医院做复诊，因为号实在难约，就算确诊了也只是开一些辅助性药物，整个过程太麻烦，我真的懒得去弄了，最初想检查也是因为自己有考试计划，怕不专注耽误学习，但是这项检查对于目前阶段的我来说实在是有点费时费神费钱，所以后来就没去了，现在只是每天靠大量的咖啡因（抹茶咖啡茶叶魔爪样样都来）保持短暂的专注，宝宝们不用来问我了，祝大家身体健康一切顺利～
2024.7.25更新
#成人ADHD #adhd症状 #心理 #精神状态良好 #注意力缺陷多动障碍 #华西二院 #adhd成人多动症 #多动症ADHD #ADHD成人注意力缺失症多动症 #女性ADHD #心理疗愈 #精神状态 #治疗",2024-07-25,211,110,19,4,1,3,1,1,0,1,0,0,0,0,0,0,0,0,0,0,0,1,0,0,0,211.0,110.0,19.0,疑似患者/自述困扰者,第一人称亲历,确诊/就医流程类,0
15,微心理学,ADHD型人格「思维跳跃的“外星人”」,"➡️ADHD，在心理学中被称为注意力缺陷多动障碍，原本是在儿童期很常见的精神失调，也就是我们平时所说的少儿多动症。但是，随着对这种病症的认识增加，最近，心理学家们发现：这种症状在成年人身上也会出现，并会形成一种特定的人格，被称为ADHD型人格。
#学点儿心理学
#心理学
#心理学效应
#知识分享家
#心理学小知识
#微表情
#人性
#女性智慧",2024-06-30,4762,1590,220,2,2,7,0,0,0,0,0,0,0,0,0,0,0,0,1,0,0,0,0,1,0,4762.0,1590.0,220.0,心理咨询/心理科普账号,面向读者的科普/建议,身份认同/人格化/天赋化表达类,0
16,一只维尼,室友有比较严重ADHD怎么办[皱眉R],"我室友是我朋友的朋友，朋友介绍给我说可以一起合租。之前我也见过他几次一起吃过饭，印象里他除了有点咋呼没有什么不好。
	
住在一起后，我发现他会时不时地大吼大叫，一起学习的时候他也老是不认真。有次我开玩笑问他“你是不是有ADHD？”他说是。他说他家里人在他上中学还是什么时候带他去确诊了。我问他现在他有在治疗吗，他说没有。
	
我在家会经常听到他发出的各种奇怪的声音，比如他看电视的时候嘴里会哼哼哈嘿。我建议他在这边再做检查啥的，他不去。
	
这种情况下我是再次跟他讲让他去治疗还是我直接转lease走人啊？
	
#留学 #室友 #ADHD",2024-12-26,369,113,288,5,1,5,1,0,0,1,0,1,0,0,0,0,0,1,1,0,0,1,0,0,0,369.0,113.0,288.0,普通泛生活博主,第一人称亲历,患者生活经验/困境叙事类,1
17,更有甚者,ADHD｜上海精卫确诊攻略,"如果不是需要一份诊断报告，建议选择可以做脑电图的医院，相关笔记很多，我简单记录一下从挂号到确诊半天速成的攻略，目测精神卫生中心以及和睦家、莱佛士都是可以自己搞定的（如果条件不允许带父母前来的话）。
	
首先，公众号上预约挂号，选择心理咨询—成人ADHD，初诊号很难约，可以退回去选择特需（咨询），价格贵一些，李医生在特需1，廖医生在特需2。尽量约早一点的号，当天我八点到已经排到6号了。
	
第一次来这家医院进门先在前台登记建档，获取一张就诊卡，然后去旁边量血压，再去缴费窗口缴费取号。我约的李医生在305诊室，每一个诊室都是按顺序往后排的，还会跳号，很快就能排到。
	
来之前我简单梳理了一下自己的发育史，尽量做到客观。非常建议大家多花点时间准备，因为有时候聊着聊着可以带出很多细节。焦虑和抑郁的情绪会影响诊断结果，所以医生一般会劝说优先治疗这两项再看ADHD。
	
几年前在青衫做ASRS量表，我甚至还暗戳戳希望自己能共患点别的天才病，很遗憾后来被我一一排除，还有很多症状跟双相有点难区分。当然我确实还有一些别的人格障碍，强迫思维之类的，在向医生描述相关表现时他会追问一些细节，例如很少吃水果，觉得连汤带水的很麻烦，但从不嫌吃饭麻烦，用不到的东西放在地板上一个月也不去捡，不能穿高领毛衣，也戴不了任何饰物，非常容易感官过载。还有购物习惯也会被问，很多快递放几个月也不会去拆，诸如此类的恶行。我还有很严重的阅读障碍，以及很长的荨麻疹患病史。身体经常磕碰，尤其是头，明明目测没问题的距离经常撞得duangduang响。还有类似挑食的毛病，逮住一个菜吃到腻再吃下一个，上学的时候吃食堂也喜欢一个窗口吃上半月再换。如果同时摄入不同口味的食物我会下意识觉得恶心，难以接受串味儿，泔水才串味儿。
	
不知道是否奇怪，我觉得自已算健康的人，小时候特别喜欢户外活动，体魄强健，协调性也没问题，很少生病，一直到大学都没有近视，注意力不集中也没有对学业造成太大影响。直到后来严重妨碍工作了，拖到现在才确诊。
	
遗憾的是后来专注达驯服失败了，服用之后不仅恶心，休息不好还会剧烈头痛，整个三叉神经都在沸腾。当时医生的建议就是处理重大事项的时候服药，平时不用管了。而且专注达经常断货，感觉有点指望不上。
	
先这样吧，哪天再好好咂摸一下这个药。
#成人ADHD  #注意力缺陷障碍",02-18 河南,3963,3111,500,3,3,3,1,1,1,0,1,0,1,0,0,0,0,1,1,1,1,1,0,0,0,3963.0,3111.0,500.0,患者/确诊者本人,混合型,确诊/就医流程类,1
18,不上班的张铁柱,30岁ADHD，吃专注达第2天打开了新世界,"拍完没吃药的时间里，一直拖着不剪，已经一个月过去了……
剪辑的时候发现说话卡壳、大脑宕机、语无伦次、没有逻辑、车轱辘话来回说。
对脑雾的影响暂时没有很明显的感觉
#ADHD  #执行力 #专注达 #大脑前额叶 #拖延症 #注意力分散",1天前 浙江,414,199,153,3,1,4,0,1,0,0,0,0,1,0,0,0,0,0,0,0,0,1,0,0,0,414.0,199.0,153.0,患者/确诊者本人,第一人称亲历,药物/治疗体验类,0
19,ADHD 猫住！,adhd想要讲清楚一件事情belike：,"1️⃣ 宏大叙事： 必须从盘古开天辟地铺垫5分钟，漏掉一根草的细节都觉得这逻辑废了。
2️⃣ 讲到5分钟时候，敏锐发现对方有些许不耐烦但自己还没讲到重点时：糟糕！他在烦我！
3️⃣ 惊慌之下按下“20倍速”，把剩下的史诗级前情提要全部切掉，直接进入正文。
4️⃣ 此时对方已经毫无耐心，a人战战兢兢看颜色的乱七八糟的讲完一通
再好笑的事情也没那么好笑了，最后就是疯狂自责很久，简直想鼠。。。#我超稳定的精神状态 #精神状态岌岌可危 #adhd #adhd症状 #非正常人类 #adhd科普 #adhd确诊 #不要再搞抽象了好吗 #adhd的症状 #合理但有病",5天前 浙江,2459,252,285,4,1,1,0,0,0,0,0,1,0,1,0,1,0,0,0,0,0,1,1,0,0,2459.0,252.0,285.0,疑似患者/自述困扰者,第一人称亲历,症状共鸣/自我识别类,0
20,Sri,有没有适合成人ADHD的爱好,我比较没有耐心，做手工做十几分钟就开始焦虑，品质直线下滑。做事情需要听小说或者听别的，没办法静下心做任务，最近比较喜欢短途的溜达，十公里左右，需要听无脑小说或者歌分散注意力。,2025-03-23,2万,4910,2010,4,1,5,0,0,0,0,0,0,0,1,0,0,0,0,0,0,0,0,0,0,0,20000.0,4910.0,2010.0,疑似患者/自述困扰者,第一人称亲历,患者生活经验/困境叙事类,0
21,夸桑🥐,adhd好像就是对“努力”没有感知,"我突然意识到，其实adhd会遗忘自己的努力，并不是单纯是“忘却”，而是没有感知。
要么一直启动困难，要么还没回过神来就已经开始了。因为突然有兴致想做的事，都是执行力满分顺其自然，所以不觉得是努力，虽然投入的精力也很大。或者就是死到临头了或者出于责任心等等原因就会push很着急开始做，正因为这样没有很痛苦而且已经不能算是主动做的，所以不是努力。真正正经要去做什么并不想做的事的时候呢，很痛苦又一直在分心，没办法高效而且做出来结果也差强人意，状态很差，所以也不算努力。
可能在别人那里定义的是努力，但如果是我自发想做的，虽然客观上说也不容易但是我自己觉得开心或者其实挺爽的，好像也不算什么努力。
adhd是不是普遍对于努力这个词的定义就比较不同呢，还是说好像我们开心痛苦的事情和别人常常反着来所以体感是错位的。
	
#adhd
	
二编补充：
每个人对努力都有自己的定义和感受，其实发这个帖子的本意或者说我表达的核心意思不是 把努力＝吃苦，开心/轻松/喜欢＝没努力，也不仅因为心流体验或者自我高要求所以感觉不到努力。（可能也是第一时间比较粗糙的感受写了就发出来的缘故。）
我更多是想说，无论付出了多还是少，过程是开心的痛苦的，结果是怎么样的，好像都感知不到努力，因为没办法清晰地体会那个过程，也没办法从中得到自我肯定和信心。
大家也会同时去讨论配得感，冒名顶替综合征等问题，我觉得很可能也是相关的。因为自信的建立往往因为付出了很多然后对自己的付出和成绩有肯定，但是感知不到努力的后果就是你对自己也没有清晰的认知，尤其是正向的。
除了前面正文说的，还有就是在我看来其实努力是一个偏长期的以目标为导向的过程，也是一个自主的行为，而我做任何事都是做了才会反应过来，因为要么启动困难一直拖，要么已经在做了，无论我想不想做。我很难建立一个“我为了一个目标做事”的认知。
也像我在plq回复说的，我认为的努力是自主的按着规划和对自己的要求日复一日言出必行去达成目标，而我从来做不到。我没办法以目标为驱动，我觉得动力也是模糊的，因为不能说以此为动力去努力，而是复盘回顾才能分析出我当时的动力或者动机是什么。
回想自己为什么会有这个思考呢，好像是刚好看了小谷的采访，她算我心里对努力定义的顶配具象化。她谈到重建自信的过程会让我感触很深，因为这个路径在我或者我们这里完全不成立。
（字数限制完整的请左滑看图片叭，再次感蟹大家对笔记的喜欢🥰🥹）",02-13 广东,1.6万,5261,938,4,1,5,0,0,0,0,0,0,1,0,0,1,0,0,0,0,0,1,0,0,0,16000.0,5261.0,938.0,疑似患者/自述困扰者,第一人称亲历,患者生活经验/困境叙事类,0
22,忽悠,难道国内诊断ADHD的标准是能否上本科？,"因为从小到大一直被我的“一些习惯”“改不掉的那些东西”困扰着我，我想我知道我到底是哪方面出了问题，阻止了我的前进，就像一个自我相互拉扯一样。哪怕你告诉我，这个情况治不了啊，你一辈子是这样子的，你直接给我一刀我也慢慢接受。结果医生在听我的困惑后，你就问了我一句，你问了我一句，“你是否是本科毕业的？”我说“是”，但是我还复加了一个条件，我复读了两年，通过艺考擦边，考了三次才考了一个民办本科，你摆摆手告诉我“不可能”“你不是adhd”。
我踏马听到这话，我当场都石化了。
且不说小红书上有大把大把的人，考到学校考到博士，才发现自己“哦，原来我是adhd”，发觉有学习或生活这方面障碍的问题，互联网那么多博主像4566，他不就是加拿大（应该是吧）留学吗？
结果就是我还没来得及说我生活中任何细碎的小细节，就以医生为你可能有心理创伤的理由，把我给打发了。
两年内不想在国内做任何的证明，我不想再抛开自己，向众人证明我是个精神病......
#ADHD学习 #ADHD自救 #国内ADHD #注意力分散 #心理医生 #心理问题",2025-12-29,458,93,575,4,1,3,1,0,0,1,0,0,0,1,0,1,0,0,1,0,1,1,0,0,0,458.0,93.0,575.0,疑似患者/自述困扰者,第一人称亲历,确诊/就医流程类,0
23,从嘉陵江游到大阪,ADHD到底是啥,"有人能确切地告诉我ADHD真的是一种病吗，还是拖延症人给自己找的借口。。。
刚刚刷到一篇帖子有人说这是一种病，有人又在骂只是懒人的借口罢了。。。
#ADHD #莫名其妙又确诊了",2025-02-20,3128,1516,1164,4,1,2,0,0,0,0,0,0,0,0,0,0,0,0,0,0,0,0,0,0,0,3128.0,1516.0,1164.0,疑似患者/自述困扰者,第一人称亲历,科普纠偏类,0
24,本有ADHD,10个冷门的ADHD现象，看你中了几个,"1. 嗅觉超敏感：闻到别人闻不到的味道
2. 肠胃问题(IBS)：一紧张就拉肚子
3. 天生夜猫子：凌晨3点大脑才开机
4. 暴食停不下来：不是饿，是多巴胺在作怪
5. 时间盲：5分钟和3小时没区别
6. 疼痛敏感：别人觉得不疼的我疼死
7. 磨牙：睡觉磨到牙医心疼
8. 笨手笨脚：行走的碰碰车
9. 体温调节障碍：别人穿短袖我穿外套
10. 左撇子概率高：是普通人的3倍
	
你中了几个？评论区报数👇
	
#ADHD #多动症 #注意力缺陷 #ADHD冷知识 #adhd #adhd自救 #adhd成人 #脑雾的成因 #注意力分散 #孩子注意力不集中",02-14 美国,105,35,15,3,2,1,0,0,1,0,0,0,1,0,1,1,0,0,0,0,0,1,1,0,0,105.0,35.0,15.0,患者/确诊者本人,面向读者的科普/建议,症状共鸣/自我识别类,0
25,三門(Mikado)｜-ISSHO-改名版,关于adhd与entp/intp的重叠率 （文字版）,"为什么感觉entp这么多ADHD？带着这个朴素的疑问，本entp博主展开了调查🔎 然后发现，其实intp的adhd也很多！并且np型的四个mbti其实都很多，所以就是n和p这两项主导了这个结果。用荣格八维来说就是ne+ti或者fi的人会产生这个结果，下面是解说分析！
	
首先，MBTI和ADHD是两套不同的体系，前者是基于荣格理论的性格自我测评工具，后者是注意力不足過動症（attention deficit hyperactivity disorder）的缩写，通常被认为是一种神经发展障碍，不过现在也被认为是一种性格特质也不是病症。
	
ADHD的负面特征，包括但不限于：
1.注意力欠缺
・经常迟到，不擅长时间管理。
・经常粗心，不擅长管控细节
・不擅长整理整顿
・注意力容易涣散
・容易忘事
・钝感力
2.多动、冲动性
・不喜欢等待
・别人说话没说完就提前反应
・话多
・有突发性行为
	
这些ADHD的症状…好家伙不就是entp本眉吗…
	
ADHD其实也有长处，也是上述缺点的反面。
有想象力和创造力（忽视细节），敢于挑战（冲动性+顿感），好奇心旺盛，对于喜欢的事情能过度专注（不喜欢的事情会难以专注的反面），钝感力强
	
好家伙，entp：又叫我吗？
	
不过很多点也同样是其他三位np，intp、enfp、infp会有的特点，但也不完全是。
	
为什么会这样？主要还是直觉N本身就是抽象型思考，倾向于展望未来，不注意现实细节，对应了ADHD的注意力欠缺特征。 知觉P又主导了散漫，不遵循计划和规则，喜欢自由与空间，对应了ADHD里的冲动性特征。而这两个加在一起就是外倾直觉（ne）搭配内在思考（ti）或内在感受（fi）作为主导或者辅助功能，外倾直觉而ne强是必要条件。
	
与其说是np人有很多adhd，倒不如说是被很多被判定为adhd的人，实际上就是np型人。不禁想，比起用“不正常的发展障碍”去规范人，倒不如mbti体系里承认每一种性格都是不分优劣的。
np人眼里：我看你们才是不正常呢
	
最后顺便一提，其实达芬奇也是entp型adhd哦
	
#entp #intp  #enfp #infp #mbti #adhd #多动症 #精神分析 #np #荣格八维",2025-01-03,2856,1033,189,5,2,7,0,0,0,0,0,0,0,0,0,0,0,0,0,0,0,0,0,1,0,2856.0,1033.0,189.0,普通泛生活博主,面向读者的科普/建议,身份认同/人格化/天赋化表达类,0
26,阿加莎乱想,adhd辩手：突然发现有ADHD根本打不好辩论,"这几天突然在思考自己的辩论生涯
	
明明是思辨能力逻辑能力表达能力和反应能力都还行
为什么每次上赛都总觉得发挥不出来
	
一个很大的原因是正规竞技辩论有质询接质盘问对辩等环节
	
adhd听人讲话太容易跑神了
更不用提一些输出密集全是陷阱的质询
	
“…………（戴夫乱码）你说是吗？对方辩友”
（我os：死耳朵，你快听啊，ta说得啥）
“哦，是…不！不是这样的！（咬牙死撑然后已读乱回）
	
这就是很多队友认为我有天赋还比较聪明（备赛时很全面
但每次在场上发挥都不太够的原因
自己也觉得自己每次都漏很多点甚至还卡壳
但自己演讲纯输出时都不会中途卡壳
	
辩论讲究“来回”
为数不多拿过佳辩的就是预判得太好了对面的问题
对面还框框往自己陷阱里钻
即兴的举例也非常有意思（毕竟有些发散思维在）
天时地利人和的时候
	
大部分时候还是觉得自己是个很难发挥出真实水平的平庸辩手
	
（个人经历想法 仅供参考）
	
#adhd #adhd症状 #adhd成人多动症 #成人adhd #ADHD #辩论 #辩论赛 #竞技辩论 #辩手
👏欢迎米娜桑一起交流探索⬇️",2024-10-29,456,120,40,4,1,5,0,0,0,1,0,0,0,0,0,1,0,0,0,0,0,1,0,0,0,456.0,120.0,40.0,疑似患者/自述困扰者,第一人称亲历,患者生活经验/困境叙事类,0
27,发芽中,Adhd的成长过程,#注意力分散#Adhd自救,02-12 山东,3441,1966,848,9,9,5,0,0,0,0,0,0,0,0,0,0,0,0,0,0,0,0,0,0,0,3441.0,1966.0,848.0,无法判断,无法判断,患者生活经验/困境叙事类,0
28,GrapeVine思维藤蔓（ADHD）,ADHD 从怀疑到确诊 第二部分,#ADHD #注意力分散 #成人ADHD #ADHD干预 #ADHD指南 #ADHD自救 #经验分享 #心理问题,1小时前 上海,3,3,1,3,3,3,1,0,0,0,0,0,0,0,0,0,0,1,0,0,0,0,0,0,0,3.0,3.0,1.0,患者/确诊者本人,混合型,确诊/就医流程类,1
29,小猫老师,小猫解释什么是ADHD,#ADHD #猫meme,2025-09-24,1.1万,1722,171,2,2,2,0,0,0,0,0,0,0,0,0,0,0,0,0,0,0,0,0,0,0,11000.0,1722.0,171.0,心理咨询/心理科普账号,面向读者的科普/建议,科普纠偏类,0
30,Beeelle,ADHD玩具问答帖,"贝贝们 有什么想问的呢
needoh是在lazada上买的
其它是@Geek child @Tangle
#ADHD #Tangle #needoh
新作品免费送tangle！",2025-07-20,1389,404,146,6,2,5,0,0,0,0,0,0,0,0,0,0,0,0,0,0,0,0,0,0,1,1389.0,404.0,146.0,商业/营销导向账号,面向读者的科普/建议,患者生活经验/困境叙事类,0
31,上海儿科教授章依文,截取了上海儿童医学中心对ADHD的指导意见,"💁🏻‍♀大家好，我是上海儿童医学中心发育行为儿科主任章依文教授。
	
🎈今天趁着有时间唠叨一下啊，最近接诊了好多A娃的家长，面诊当中我都会有很大的感触，宝妈们不知道真正的A娃长什么样？甚至昨天面诊20多个，1个小时接了5个被误判ADHD，还有的是要评估适不适合吃💊，其实有些中重度的A娃还是要配合💊治疗的，所以发了些相关的指导意见。包括家庭和学校两方面的，希望能给家长们一些帮助。
	
.
🎈其实，如果真的确诊ADHD后，我还是建议第一时间跟孩子班主任沟通，这里，我也给老师们准备了一些建议：
1⃣ 调整座位，让孩子处于更利于学习的环境。
2⃣ 安排一些具体的班级事务给孩子参与，提升他们的责任感。
3⃣ 适当减少作业内容，减轻孩子的学业压力。
4⃣ 与各主科老师保持沟通，共同关注孩子的学习情况。
	
.
💁🏻‍♀我觉得家校配合才能更好的帮助孩子，不要忌讳被老师知道。除非这个老师觉得A娃很麻烦，不想配合。不然肯定是让老师充分了解孩子才会给予更好的帮助。
	
#多动症 #上海 #ADHD #A娃 #注意力不集中 #学习困难 #专注力 #注意力训练 #儿科医生 #专注力训练 #家有小学生",2024-03-29,2133,1697,168,1,2,2,1,1,0,1,0,1,0,0,0,0,0,1,1,1,0,1,0,0,0,2133.0,1697.0,168.0,医生/医院/专业机构,面向读者的科普/建议,科普纠偏类,1
32,小海豹,真正adhd的学习状态,"莫名其妙同时开始做五件事
一学习什么都变得那么好玩
#我的学习状态",5天前 江苏,4811,372,867,4,1,1,0,0,0,1,0,0,0,0,1,1,0,0,0,0,0,1,1,0,0,4811.0,372.0,867.0,疑似患者/自述困扰者,第一人称亲历,症状共鸣/自我识别类,0
33,栀子,成年女性ADHD+INFP,"1.无时无刻不在幻想，小时候在课堂上表现得很认真，脑海里却是天马行空；亦或是在课本上画画，沉浸在自己的世界里，老师却以为是在做笔记。
2.童年成绩拔尖取决于智商代偿，因为短期记忆力和突击能力很强。到高中因为课业难度加大无法真正深入理解导致成绩下降。成年后因通过各种执业资格考试只需要60分门槛会被误以为学霸，其实非常心虚。
3.身体到处都是磕碰的淤青。在办公室经常绊倒各种充电线耳机线。不小心打翻垃圾桶等。（综合服务工作一点做不了）
4.接净水器的水因为水流小数次导致分心而水漫金山。
5.信息搜集成瘾，脑子里想到什么念头必须马上去搜，思维无限发散。
6.跟朋友聊天话题非常跳跃，感觉脑子里是一个个的点，不能点线面结合。
7.不能穿高领毛衣，不喜欢一切束缚，包括各种首饰，连橡皮筋都无法带手腕上。不能涂指甲油，会感觉指甲无法呼吸。听不了尖锐刺耳的声音。平躺时经常觉得呼吸困难，气沉不下去。
8.入睡困难，失眠多年。大脑一直多线程作业，停不下来思考。只有吃安眠药强制关机。
9.非常敏感，能敏锐察觉到周边人的情绪。同时，自己处理情绪能力很差。容易陷入自责内耗中。
10.启动极为困难，常有严重拖延症，每次卡ddl到极致时又会启动心流状态（压力成瘾到最后阶段集中爆发），无法脚踏实地去做好一件事。现在短视频刷多了，更难以进入心流状态了。
11.喜欢读文字，小时候如饥似渴阅读一切书籍，洗澡时把沐浴露配方看一遍遍。成年后喜欢天涯 豆瓣 小红书社媒。阅读速度很快，经常陷入无意识信息搜集状态，吸入大量的无效的信息，消耗精力。
12.刷视频倍速，没有耐心。工作时必须听歌或者同时做别的事来保持专注。（甚至加班时需要一边和朋友聊天来维持工作）
13.追逐多巴胺带来的快感，在空虚时非常难受，容易犯焦虑症。经常短期内对某件事特别上头（追星，画画等），一旦生活一成不变没有追求就很颓废。
14.日常半格电状态，只有自己感兴趣时能满电，精力不足，气血不足。
15.一个人的状态下经常自言自语，一人分饰多角。有时候会不经意把心里想法说出来。
17.独自开车时容易走神忘记有没有闯红灯，总是过完灯了心里咯噔一下。给孩子读绘本一边声情并茂，一边思绪乱飞，飞完回来不知道绘本故事讲的是什么。（好像有另一个自己在读）
18.最让我痛苦的是必须要理解事物的底层逻辑才能真正理解。对大段文字在短期记忆时可以进行图形转化，但稍复杂的公式却难以记住。#注意力分散 #ADHD  #心理治疗",2025-08-03,2.9万,1.4万,2989,4,1,1,0,0,0,1,1,1,1,1,0,1,0,0,1,1,1,1,1,0,0,29000.0,14000.0,2989.0,疑似患者/自述困扰者,第一人称亲历,症状共鸣/自我识别类,0
34,坐不住的小A,不是懒！ADHD大脑真的不一样,"总有人说ADHD是""借口""""不够自律""。
	
直接上脑科学：
	
【图1：正常大脑 vs ADHD大脑】
→ 多巴胺转运体过度活跃
→ 前额叶皮层激活不足
→ 结果：动力不是""努力""出来的，是""调节""出来的
	
【图2：为什么你""知道该做但不做""】
→ 执行功能缺陷（非意志力问题）
→ 时间感知扭曲（""还早""=永远不会开始）
→ 情绪调节困难（焦虑→ paralysis）
	
【图3：ADHD的隐藏优势】
→ 危机处理快（多巴胺峰值时）
→ 创造性连接强（思维跳跃=跨界创新）
→  hyperfocus（一旦启动，效率惊人）
	
你不是""坏了""，是【系统不兼容】。
	
停止用别人的操作系统要求自己，
开始安装适合ADHD的补丁。
	
#ADHD #脑科学 #神经多样性 #执行功能 #多巴胺",1天前 上海,21,14,评论,2,2,2,0,0,0,0,0,0,1,1,0,1,0,0,0,0,0,1,0,1,0,21.0,14.0,,心理咨询/心理科普账号,面向读者的科普/建议,科普纠偏类,0
35,Miss 田,ADHD不是多动症,"ADHD（注意缺陷多动障碍，Attention-Deficit/Hyperactivity Disorder）是一种常见的神经发育障碍，主要表现为注意力不集中、多动和冲动行为，这些症状会对学习、工作、社交和日常生活造成显著影响。
核心症状
1. 注意力缺陷：
- 难以持续专注
- 容易分心，常丢三落四
2. 多动：
-身体或语言上的过度活动（如坐立不安、频繁打断他人）
- 儿童可能表现为奔跑、攀爬
3. 冲动：
- 缺乏耐心（如排队困难、抢答问题）
- 行为不计后果（如冲动消费、危险驾驶）
ADHD的三种类型
1. 注意力缺陷主导型（Inattentive Type）：以注意力不集中为主。
2. 多动-冲动主导型（Hyperactive-Impulsive Type）：以多动和冲动为主。
3. 混合型（Combined Type）：同时具备注意力缺陷和多动冲动症状。
成因
ADHD的具体原因尚不明确，但研究表明与以下因素相关：
- 遗传：家族史是重要风险因素（约75%与基因相关）。
大脑结构差异：前额叶皮层、基底神经节等区域活动或发育异常。
-环境因素：早产、低体重、孕期接触烟酒或毒素
常见误解
- ❌ “只是孩子太调皮，长大就好了”：
约60%患者的症状会延续到成年，影响职业和人际关系。
- ❌ “ADHD是因为父母管教不严”：
这是神经发育问题，与教育方式无直接因果关系。
- ❌ “吃药就能治愈”：
药物（如哌甲酯）可缓解症状，但需配合行为治疗、心理干预等综合方案。
治疗与管理
1. 药物治疗：
- 兴奋剂类药物（如利他林、阿得拉）可调节多巴胺水平。
- 非兴奋剂类药物（如托莫西汀）适用于不耐受兴奋剂的患者。
2. 行为干预：
- 认知行为疗法（CBT）帮助改善时间管理、情绪调节。
- 家长/教师培训，学习结构化管理和正向激励技巧
3. 生活方式调整：
- 规律作息、运动（尤其有氧运动）可提升专注力
- 使用清单、提醒工具减少遗忘风险。
重要建议
如果怀疑自己或他人有ADHD，应尽早就诊精神科或发育行为儿科（儿童），通过专业量表评估（如Conners量表、ADHD-RS）和脑电图等检查明确诊断。#注意力 #专注力 #ADHD",2025-02-02,1528,720,22,2,2,2,0,0,0,1,1,1,1,0,0,0,0,0,1,0,1,1,0,0,0,1528.0,720.0,22.0,心理咨询/心理科普账号,面向读者的科普/建议,科普纠偏类,0
36,倪万,强烈建议ENTP不要主动认领“ADHD”,"虽然ENTP和ADHD在表现上极为相似
导致很多ENTP认为自己就是ADHD
以ADHD来完成对自己行为的归因
	
看起来没什么问题
但忽略了能量层
	
🎈一个标签被你认领过来
是自带心理暗示的
	
ENTP是16人格之一
是一种人格属性的综合描述，他包含了优点和缺点
而ADHD则被普遍认知为是一种缺陷
	
当你说我是ENTP的时候
对内，是一种中性的自我暗示
当然也有的人当成正向的帝王暗示（也行）🤷‍♀️
对外，别人会觉得：哦，那你肯定很爱玩，很有趣，很贩剑…（复合描述）
	
当你说我是ADHD的时候
对内，有概率你会觉得这是我诸多毛病的根源
对外，别人会觉得：哦，那你是不是注意力很难集中？…
	
这就是核心区别👌
	
如果你内核强大，百无禁忌
如果你内核不稳，缺乏强大的自我认知
这类有偏向性的标签可能会无形中放大你的脆弱感
	
不是我对ADHD有偏见
我只是认为：没病不要主动认领
但凡没有拿到医院检测的确诊单，你就不是
	
最后
认领任何标签之前，可以先试着问问自己
想到这个属性的时候，让我感觉自己更有力量了，还是更脆弱了？
如果是后者，尽早扔掉。👋
	
#ENTP #mbti #骨折眉毛 #高能量 #ADHD #我在小红书聊心理",2025-09-19,316,104,66,2,2,2,0,0,0,0,0,0,0,0,0,0,1,0,0,0,0,0,0,0,0,316.0,104.0,66.0,心理咨询/心理科普账号,面向读者的科普/建议,科普纠偏类,1
37,NeuroMate,女性 ADHD 的 8 大症状,#神经多样性 #Neuromate #adhd,02-04,349,155,24,2,2,1,0,0,0,0,0,0,0,0,1,0,0,0,0,0,0,0,0,0,0,349.0,155.0,24.0,心理咨询/心理科普账号,面向读者的科普/建议,症状共鸣/自我识别类,0
38,打网球的ADHD,千万不要去帮助A娃,"典型的，辅导作业
A娃软饭硬吃。
好心教他，他觉得你害他。
	
因为A娃的脑回路，理解不了良药苦口的抽象，
他们只有本能
1，我想不想
2，容易吗
3，规则。
	
通常，A娃到不了第3阶就会进入崩溃和应激反应。
然后把妈妈气个半死。
	
我发现这一点是一个妈妈分享他娃四则运算是先做看起来容易的一口答案，才不管你括号。
	
我自己的感觉是娃在四年级时能慢慢进入第3阶。
远程目标。
	
在这之前都是鼠目寸光。
我喜欢，我容易。
	
根据这个逻辑，真的就是简化目标。
比如我家英语就只练口语。
我读一句，他读一句
不烧CPU#养育孩子 #孩子 #教育孩子 #家庭教育 #辅导作业 #作业 #学习习惯 #小学生学习习惯",2024-09-12,422,457,241,5,3,5,0,0,0,1,0,1,0,1,0,0,0,0,1,1,0,1,0,0,0,422.0,457.0,241.0,普通泛生活博主,混合型,患者生活经验/困境叙事类,0
39,蓝心哔哔机,当正常人和adhd同时开始刷牙🦷,"ps.补药对号入座赛博确诊啊 只是代表有些adhd会有这些行为 不代表有这些行的人都是adhd
#精神状态 #内容过于真实 #adhd #记录日常 #我们的目标是没有蛀牙 #人类多样性观察样本",2025-01-25,6283,388,567,5,2,1,0,0,0,0,0,0,1,0,0,1,1,0,0,0,0,1,0,0,0,6283.0,388.0,567.0,普通泛生活博主,面向读者的科普/建议,症状共鸣/自我识别类,1
40,妙闻趣测站,🧠打破滤镜！ADHD并不等于“天才病”,"⚠“ADHD”智商真的都很高吗？拿数据来讲，北京大学进行的一项针对ADHD智力测验的研究表明，ADHD儿童的平均智商为96，而正常儿童的平均智商为105。
	
🤯事实上，多数研究都表明——ADHD群体的平均智力水平低于常人。虽然不乏少数人有较高智力，但大部分ADHD就和普通人智商差不多，甚至更低，本人一个同事的小女儿就是智商只有71的ADHD。
	
✅你觉得自己是ADHD中的天才？测测智商就知道了，国际标准的智力测试题链接给大家搬来了，点图片下方的【立即参与】就能自测✅
	
🔥那为什么大众会把ADHD等同于天才呢？好像很多人会举牛顿、爱因斯坦等等名人，说他们就是ADHD的代表。很多父母也以子女是“ADHD”自豪，觉得自己家孩子肯定智商很高，有很多ADHD也会说“我就说嘛，为啥我总是看不惯这些庸俗的世俗人，因为我有天才潜质啊”
	
🔎确实，不少名人是“ADHD”。但为啥牛顿只有一个？为什么爱因斯坦只有一个？当然是因为别人智商高了……
	
✅从表面来看，有时候很难分辨自己是ADHD还是高智商，有可能也是两者共有。想给自己测智商或者给自己的孩子测智商的都可以点图片下方【立即参与】测《最强大脑》同款智力测试题，本测试题适合5-70岁不同年龄段✅
	
😇测完别忘了来评论区分享下，你们的智商是多少？超过了多少同龄人？
﻿#adhd科普﻿ ﻿#北京大学﻿ ﻿#智商﻿ ﻿#天才﻿ ﻿#ADHD﻿ ﻿#智商测试﻿ ﻿#干货﻿ ﻿#科普﻿ ﻿#性格测试﻿ ﻿#高智商",2025-04-07,1171,724,57,6,2,2,0,0,0,0,0,0,0,0,0,0,0,0,0,0,0,0,0,0,1,1171.0,724.0,57.0,商业/营销导向账号,面向读者的科普/建议,科普纠偏类,0
41,戴阿蒙,ADHD爱干的8件事,#内容过于真实 #搞笑 #ADHD #精神状态 #段子,2024-07-22,3.4万,3601,1183,5,2,1,0,0,0,0,0,0,0,0,1,1,0,0,0,0,0,0,1,0,0,34000.0,3601.0,1183.0,普通泛生活博主,面向读者的科普/建议,症状共鸣/自我识别类,0
42,无脚鸟,似乎没人讨论ADHD的impulsivity,"当讨论ADHD的时候，绝大多数都集中在注意力上，每个人都说自己难以专注，可是不怎么说hyperfocus过度专注。
	
但其实ADHD有三大指标，多动，冲动，和注意力缺陷。
	
冲动impulsivity是很少有人提及的一点，不知道是不是没人意识到。而本人就是有很明显的冲动特质。
	
从很小开始，家人对我的形容就是“脾气大，来的快也去的快”。遇到不愉快我表现的比常人更激烈，无论是高兴还是难过都会比其他人饱满。而且在愤怒发泄之后，我的“脾气”会瞬间消失（注意力分散的好处）。
	
也做不成一个情绪稳定的人，被社会和环境捶打了这么多年，我早已将masking修炼的炉火纯青，不过遇到很偶尔的场合一旦我释放我的真实攻击力，会把人吓得目瞪口呆。
	
说话直白，过于直白，虽然说的都是事实，但其实我也知道可能有更好的表达方式，可当下嘴会比脑子快，说完之后总会被评价说话伤人。
	
我这些描述也都是基于大多数所谓“正常人”的视角来评价的，为了方便更多人理解。但我已经接受了自己的这些特质，而且不打算改，写到基因里的东西怎么改？那和改自己肤色或者性别有什么区别？
	
这些特质并非全都只是负面影响，因为性格直白简单，所以我周围也是一样直白简单的圈子，没有那么多弯弯绕绕。脾气来的快去的快，可能是我很有韧性的重要原因之一。在痛苦的时刻我会不断被周遭吸引注意力，失恋都走出来比别人快🤣而且因为冲动特质很有张力，我可以在吵架或者发生矛盾的场合非常能镇得住对方。和很多害怕冲突的人相反，我完全不害怕冲突，反而希望大家直接把话说白说开。甚至，我觉得自己有点好斗，我在面对冲突的时候兴奋远远大于害怕。来啊，干就干，谁怕谁？
	
最重要的，我觉得冲动可能是生命力的另一面。因为冲动是充满动态的，动起来的才是生命力，所以总是有人说我很有生命力，虽然我自己并不知道怎么有了，我只是在做我自己而已。
	
不过impulsivity对亲密关系影响会很大，容易说很伤人的话，或者smash一段关系。所以partner必须是个能忍且会顺毛的🚬
	
有没有一样冲动特质明显的adhder来交流一下🚬
	
#oc #神经多样性 #注意力分散 #adhd #冲动",02-22 爱尔兰,2099,606,263,4,1,1,0,0,0,0,0,1,0,1,0,1,0,0,1,0,1,1,0,0,0,2099.0,606.0,263.0,疑似患者/自述困扰者,第一人称亲历,症状共鸣/自我识别类,0
43,哈佛专注力,ADHD 聪明却混乱的孩子是这样的…,"他们往往拥有活跃的创造力和敏锐的思维（聪明），却因大脑执行功能发育不均衡，难以调控注意力、抑制冲动和组织行为（混乱）。这种矛盾并非态度问题，而是神经发育差异所致。通过科学干预帮助孩子将潜能转化为有序的成长力。
	
1. 【坐不住】
- 很难安静坐着（吃饭、上课扭来扭去）
- 总是爬上爬下或在座位上动来动去
- 手里一定要玩点东西（橡皮、衣角）
	
2. 【等不了】
- 排队、玩游戏时特别没耐心
- 喜欢打断别人说话
- 想要的东西必须立刻得到，否则大发脾气
	
🚗3. 【没动力】
- 缺乏内在热情，总依赖奖励或截止日期推动
- 需要强外力才能启动
- 大脑“动力系统”反应弱（对延迟满足无感）
	
4. 【注意力不稳定】
- 分心大王：
风吹草动（窗外鸟叫、同学咳嗽）就走神，做作业拖拉
- 选择性专注：
只对自己超级喜欢的事（拼乐高、打游戏）高度专注
- 丢三落四：
经常忘带课本、作业、文具，交代的事情转头就忘
	
5. 【做事没条理】
- 书包、书桌、房间总是乱糟糟
- 做事情缺乏计划
- 思路跳跃，很难组织好语言或步骤
	
6. 【严重“拖延症”】
- 作业总要拖到最后一刻才开始
- “启动困难”，感觉任务像座大山
- 最后关头赶工，质量忽高忽低
	
7. 【爱做“白日梦”】
- 看起来安静乖巧，但眼神发呆，心思早飞了
- 老师反映“人在心不在”，容易神游
- 喜欢沉浸在自己的幻想世界里
	
8. 【记性“挑食”】（细节控 丢整体）
- 能记住书本里某个小插图，却讲不清故事主要内容
- 刚学的知识点转头就忘，但很久以前的小事却记得很清楚
- 听指令常听一半漏一半（比如听到“拿书包”，但忘了还要“穿鞋”）
	
9. 【睡眠问题多】
- 晚上躺床上脑子停不下来，入睡困难
- 睡眠浅、容易醒，早上起不来
- 睡不好时，白天的注意力会更差，可能更“多动”
	
10. 【情绪容易“过山车”】
- 情绪来得快、去得快，因为小事激动或沮丧
- 挫折承受力较低，容易放弃或发脾气
- 比较敏感，对批评反应强烈
	
🌈 家长关键点：
ADHD孩子需要理解与科学帮助
专业评估是第一步。治疗包括行为训练、家长指导，有时配合药物或高科技产品辅助
可以思我拿《三甲🏥同款测试表》 自测
	
#别人放假我学习 #哈佛专注力陈老师 #脑电生物反馈 #育儿  #孩子拖拉磨蹭 #哈佛专注力 #杭州六小龙 #专注力 #专注力差 #注意力训练 #注意力",2025-06-19,650,744,136,2,2,1,0,1,0,1,0,1,1,1,0,0,0,0,1,1,0,1,0,0,0,650.0,744.0,136.0,心理咨询/心理科普账号,面向读者的科普/建议,症状共鸣/自我识别类,0
44,ADHDer日记,ADHD好物推荐1-白板,"相比拿着草稿纸坐着写，ADHD 用白板学习、工作真的舒服太多。
首先，站着更容易进入状态，思维是流动的，人也是在动的。其次，白板空间大，你可以随便写、随便画，随时擦掉不需要的东西，完全不会被那些乱七八糟的痕迹“困住”。
草稿纸的问题在于——越写越乱。信息堆在一小块地方，很快就不知道哪个是刚刚记下的重点，越找越急，注意力瞬间崩掉。很多 ADHDer 其实不是不会解题，而是需要先“到处找一找”，突然某一刻灵光一闪，而不是一步一步按流程来。
白板就像给这种“探索式思维”留足了空间。没用的东西一擦就没，只留下真正重要的几条线索，还能用不同颜色标重点，视觉刺激更清楚。
最关键的是，白板那种顺滑的手感、可随意移动的姿势、能边想边走的自由，比抱着一支中性笔硬挤在桌前舒服太多了。#ADHD #PhD #分散注意力",2025-12-02,889,396,34,3,1,5,0,0,0,1,1,0,0,0,0,1,0,0,0,0,0,1,0,1,0,889.0,396.0,34.0,患者/确诊者本人,第一人称亲历,患者生活经验/困境叙事类,0
45,4566,怎么判断你不是ADHD,#adhd #有心事 #我的新年人设 #年夜饭 #美食,2025-01-23,4.3万,2502,4778,9,2,2,0,0,0,0,0,0,0,0,0,0,1,0,0,0,0,0,0,0,0,43000.0,2502.0,4778.0,无法判断,面向读者的科普/建议,科普纠偏类,1
46,星光苒苒,张思邈：ADHD逐渐好转,"啊啊啊啊啊做梦都没想到孩子adhd能好起来。这周带孩子去看了，大白说我家孩子基本好了，给了我一些指导，让我继续坚持，回想起过去一路走过来的心酸苦楚，只有a娃妈妈能够感同身受吧！现在把一些经验分享出来，希望能帮助到同样被a娃困扰的家庭！
	
#ADHD
	
#adhd症状
#宝妈带娃",2024-09-23,1108,1292,246,5,3,5,1,1,0,0,0,0,0,1,0,1,0,0,1,0,1,1,0,0,0,1108.0,1292.0,246.0,普通泛生活博主,混合型,患者生活经验/困境叙事类,0
47,郝番茄🍅,不是我懒 只是我有ADHD…,"我连续两年都被人说是ADHD
做相关测试题也是朋友里断层高分
视频仅供娱乐 但中的太多建议还是去查一查
#ADHD #人间真实 #多动症 #自控力 #拖延症 #注意力不集中",2024-07-14,9015,1218,1074,4,1,1,0,0,0,0,0,0,0,0,1,1,0,1,0,0,0,0,1,0,0,9015.0,1218.0,1074.0,疑似患者/自述困扰者,第一人称亲历,症状共鸣/自我识别类,1
48,我不吃心脏,没有ADHD的可别碰这玩意,"在一个精致上进博主视频里看到她一直在盘tangle，特地去搜了一下发现好多人安利，都说可以帮着集中注意力，还能解压。
想着自己最近压力太大，总静不下心来，于是火速在橙色软件搜索，为了保证是正品还买了个最贵的！
今天收到之后，抱着虔诚的心态，仔细洗手，擦了香香护手霜，开始盘。刚捏着扭来扭去的时候，会有种大脑前额叶被按摩了几下的感觉，但注意力完全被转移到扭来扭去凹凸不平的手感上了，一点也无法投入工作
#新奇的玩意儿 #注意力 #tangle温变 #tangle #一些奇奇怪怪的东西",2025-12-14,159,33,40,5,1,5,0,0,0,0,1,0,0,0,0,0,0,0,0,0,0,0,0,0,0,159.0,33.0,40.0,普通泛生活博主,第一人称亲历,患者生活经验/困境叙事类,0
49,重庆儿科教授任永平,别跟ADHD孩子较劲，他脑子还没长好呢,"🏥在日常的门诊工作中，我常常遇到为孩子注意力缺陷多动障碍而满心忧虑的家长。
	
👉🏻有的家长说，老师的投诉电话成了家常便饭，每次看到学校发来的消息，心里就一阵紧张和害怕。
	
📝还有的家长甚至表示，因为孩子在课堂上控制不住自己的行为，学校提议家长陪读，而且孩子和同学相处时也是矛盾不断。
	
🚫然而，我们得清楚，这些孩子所面临的困境，并非是他们不想努力或者故意捣乱。实际上，他们的大脑发育存在先天性的不足或病症，这使得他们在学习、家庭以及社交等诸多方面遭遇巨大的挑战。这种挑战不仅体现在学业成绩上，还深深影响着他们与亲朋好友以及同龄小伙伴的交往
	
📄研究显示，ADHD 儿童的大脑发育通常比正常儿童滞后 2 - 5 年。但这绝不意味着他们在智力方面有缺陷。恰恰相反，好多多动症的孩子智商其实很高。只不过，他们往往比较情绪化，难以把控自己的行为，这正是因为他们的大脑在情绪调节、组织规划以及决策等方面存在困难。
	
🫧想象一下，面对一项任务，其他孩子或许能专心完成，而多动症的孩子却可能会发呆、撕纸、玩笔，没办法像别的孩子那样有效地处理信息。同样，碰到问题时他们也更容易情绪失控，冲动行为频繁出现，这导致他们在自我控制和情绪管理上特别费劲。
	
👨‍👩‍👦所以，作为家长，我们需要更深刻地去理解和接纳这些孩子。他们的大脑发育和同龄孩子有差距，这意味着他们需要更多的时间和耐心去成长。我们不能简单地把他们和其他孩子作比较，而是要给予他们更多的支持与鼓励，助力他们逐步克服困难，减少在学业和社交中可能产生的负面情绪与行为。
#重庆 #育儿 #关爱儿童健康 #ADHD #多动症 #孩子注意力不集中 #大脑 #发育迟缓 #注意力分散",2025-09-15,178,110,37,1,2,2,1,0,0,1,0,1,1,1,0,0,0,0,1,1,0,1,0,0,0,178.0,110.0,37.0,医生/医院/专业机构,面向读者的科普/建议,科普纠偏类,0
50,BA是A不是B,吃完专注达的ADHD都哭了,"因为当正常人的感觉太好了。
	
原来多巴胺分泌充足的世界是这么的稳定、平静、有序、柔和
	
原来曾经3天都做不完的事只要分好轻重缓急，排好先后顺序就会一个个得到解决
	
原来当身体不再无端疲惫，头脑不再无端模糊、情绪不再无端起伏，
我可以是一个这么优秀的人
	
原来真的不一样，原来我平时真的很辛苦，辛苦勉强维持一个勉强好的状态
	
原来我的那些做不到，都可以被做到。
	
实在是难以详尽我复杂的感受。
	
每一次，在专注达的剩余影响里低落就开始涨潮，
因为多巴胺即将回落到ADHD再熟悉不过的地步，
因为我还没有找到方式完全说服自己又变回自己。
	
#ADHD#专注达  #多巴胺#正常#adhder#但是#明天一定会更好",2025-08-17,1560,481,214,3,1,4,0,1,0,0,0,0,1,1,0,1,0,0,0,0,0,1,0,0,0,1560.0,481.0,214.0,患者/确诊者本人,第一人称亲历,药物/治疗体验类,0
51,心相伴ADHD多动症成长指南,带孩子去确诊adhd，意义大吗,"我作为一名ADHD女孩的妈妈，打算从两个方面来谈一下我的感受。
	
一、从孩子发展来看
	
意义太大了。
	
在我的女儿没有被确诊为ADHD之前，我和孩子几乎每天都在爆发战争，书写不工整、考试粗心马虎、弹琴错音，个人卫生收拾不干净等等，冲突到极到，甚至产生过和她一起跳楼的想法。我把这一切归于孩子的态度问题，以及我们家的教育方式问题。
	
我不断自责、反思，然后被深深的挫败感击中。孩子在我的日常吼叫中，非但没有改变那些不好的学习生活习惯，反而变得与我日益疏离，情绪问题也非常严重，对自己也呈现出越来越多的负面评价，甚至是习得性无助
	
。很多事情还没开始做，她就会说，“我不会”，“我不行”。
	
确诊之后，我对孩子的态度会有很大的转变，会觉得孩子是无辜的，她是需要我的帮助的。从这一点看，从确诊那天开始，一切都只会是在那一天之后越来越好。孩子的自我评价、情绪、亲子关系这些问题都会有立竿见影的改变，甚至带来症状的改善。当然——前提是父母真正了解、理解ADHD到底意味着什么，并且真正接纳孩子。
	
举个例子：
	
孩子因为执行功能
	
受损，做题常常丢失重要信心。没确诊之前，我总觉得是粗心，不断地吼她，要求她细心，但是基本没有什么效果。之前如果我看到她“本应该”得满分的试卷，因为马虎得了90分，我就会非常生气，不断批评。可是确诊后，我看到90分的卷子，会觉得：啊，真不容易啊，前面那么多容易粗心的地方居然都做对了，孩子真的很努力了。然后我会从草稿纸怎么用开始，一点点告诉她弥补执行功能不足的办法。
	
目前，至少在我观察来看，孩子的心情比确诊之前轻松太多。虽然她那些大大小小的问题还是存在，但再也不会轻易遭来责骂了，而是能真正得到来自父母的各种方法的帮助。同时，也因为父母在认真发现她的各种优点，她的自信心自尊心都得到了提升。
	
这当然对孩子日后发展意义重大。
	
二、从父母来看
	
孩子的问题不是我造成的，不是因为我的教育方法不对造成的。原来孩子诸多问题，都是因为孩子的大脑发育造成的，作为父母的内疚感、耻感会减少很多。
	
接纳孩子是ADHD这个事实，实事求是地看待孩子的表现，对孩子抱有一个更客观的期待。同时，给予孩子更多更多的包容和理解，尽最大的可能去帮助孩子。无论用药与否，最关键的是在日常琐事中，重建孩子的自信，开放地正向地看待孩子，学习科学的方法帮助孩子。
	
#多动症干预 #ADHD儿童 #多动症 #A娃 #ADHD #adhd",2025-04-21,299,236,169,5,3,3,1,0,0,1,0,1,1,1,0,1,0,1,1,1,1,1,0,0,0,299.0,236.0,169.0,普通泛生活博主,混合型,确诊/就医流程类,1
52,sio2doll,a娃日常之使不完的牛劲,"一早8点多接到老师来电说沙漏碎了。手破了流了很多血。一路一脸懵得百思不得其解。摔碎了怎么还能出很多血呢。了不起捡玻璃手指划个口子啊。能出多少血？到学校门口一看老师的手艺着实吓了一跳。社区医院的医生也被这手艺吓得不敢拆包。只能转头儿童医院。
一路上问清楚是崽自己把沙漏捏炸了。所以伤口很深。手指缝了四针。力气也是真大啊。。。。。
但是也不得不夸夸，手指头清创和缝针都是非常疼的。心理建设10分钟后一边哇哇叫一边坚持弄完。而且全程目不斜视看着医生操作。真是又勇又怂
#多动症ADHA",2024-03-06,77,7,11,5,1,5,0,0,0,0,0,0,0,0,0,0,0,0,1,0,0,0,0,0,0,77.0,7.0,11.0,普通泛生活博主,第一人称亲历,患者生活经验/困境叙事类,0
53,NeuroMate,真 vs 伪ADHD,"真正的ADHD，是多个无数崩溃的的日常……
	
执行功能瘫痪：明明只是刷牙、洗碗这种小事，大脑却像卡壳一样，连第.一.步都迈不出去，不是懒，是做不到；
时间感知错乱：以为只过了20分钟，实际已经2小时；把饭菜放进冰箱就彻底忘记，直到发霉才发现；
情绪失控+高敏感：一点小事就触发战斗或逃跑反应，社交后要花好几天回血，还容易因为他人的评价陷入自我否定；
生活失控：因为忘交保险弄丢车、证.件过期浑然不觉、工作频频失误被辞退，不是不上心，是大脑根本无法维持常规运转。
	
ADHD不是人设，也不是偷懒理由，是需要被正视的神经发育多样性。如果只是偶尔走神、忘事，别再给自己贴ADHD的标签啦~
#神经多样性 #Neuromate #adhd #分散注意力",01-30,125,46,2,2,2,2,0,0,0,0,1,0,1,1,0,1,0,0,0,0,0,1,0,0,0,125.0,46.0,2.0,心理咨询/心理科普账号,面向读者的科普/建议,科普纠偏类,0
54,Ikuyo,喝了一罐像用了不好的东西一样……,"整个人思路都清晰了，启动困难不存在！乱想影响学习进度也不存在了！！视频都能拉倍速学了。
甚至能同时思考，整个人都很精神啊。
也是刷到推荐喝绿魔，但我喝粉魔比较有用！！适合本考研刚开始启动难坚持难上加难的
不过有没有姐妹知道一天一罐会影响身体健康吗？想在备考的这一年喝。
#adhd #魔爪",2025-03-19,5219,1905,634,4,1,4,0,1,0,1,0,0,0,0,0,0,0,0,0,0,0,1,0,0,0,5219.0,1905.0,634.0,疑似患者/自述困扰者,第一人称亲历,药物/治疗体验类,0
55,翌仙心理笔记,当你是INFP并且还是ADHD的时候：,#内容过于真实 #INFP #isfp #infj #adhd #本人最近的精神状态,2025-01-24,1.2万,2598,1005,5,1,7,0,0,0,0,0,0,0,0,0,1,0,0,0,0,0,0,0,1,0,12000.0,2598.0,1005.0,普通泛生活博主,第一人称亲历,身份认同/人格化/天赋化表达类,0
56,女大在战斗,独居是ADHD毁灭性的人生灾难,生活节律保证不了一点，看着健康的作息像决堤一样无法挽回地垮掉真的很无助很无力。永远会出门迟到错过班车，永远会启动困难到晚上十二点还是没有去洗澡…更不用说晒不够的太阳，永远觉得孤单。#adhd #留学,2025-01-05,1.1万,3771,1238,4,1,5,0,0,0,0,0,0,1,1,0,1,0,0,0,0,0,1,0,0,0,11000.0,3771.0,1238.0,疑似患者/自述困扰者,第一人称亲历,患者生活经验/困境叙事类,0
57,无敌邪恶狗剩恶魔,服药才知道adhd以前过的都是什么苦日子,"本人属于身体对药物之类的特别敏感的那种人，喝了咖啡马上诡异地亢奋 吃了感冒药马上神清气爽
	
可能是因为这个原因，虽然说是三个礼拜左右才能起效的托莫西汀，本人服下马上感觉行动力特别强👍🏻👍🏻👍🏻
	
这种感觉怎么说呢，就是从2g一下变成5g的感觉。
	
以前是我想睡觉，想起床，想做事都有一个缓冲的过程，要加载一段时间。而在这段时间我又容易被其他事物吸引，感觉我的生活一直被乱七八糟的缓冲填满，又不断缓冲新的东西占据着我小小的运行内存。
	
现在是飞速5g，我想睡觉马上就能上床铺被子躺下，睡醒了想起床马上就能起来，而不是再拖一会玩一会手机。
	
这种感觉最明显的时候就是我半夜起来上厕所，平时我想上厕所也都是先缓冲一会，不想结束现在的动作，但是又有尿意。现在是 我想上厕所马上就能起身去上，闪电般的反应👍🏻👍🏻👍🏻
	
早上起来想去取快递买东西也能马上动身👍🏻👍🏻👍🏻
	
而且我平时想去浏览器或者小红书搜什么东西，点开马上就会被主页吸引，忘掉我本来要做什么。现在就能非常流畅地无视它们，丝滑地打开搜索框输入信息。
	
不过因为我今天没看什么长一点的视频，不太确定“看视频会需要来回倒回去”这点是否得到缓解。
	
原来正常人平时过的这么爽👊🏻👊🏻👊🏻我感觉今天一整天都特别特别爽，身体完全被我掌控的感觉👍🏻我想干嘛就能干嘛👍🏻而且我也没感受到什么副作用，可能是我平时吃饭就少，习惯了吃东西少。
	
太爽啦！！！
	
可惜的一点是专注达没开到，听说专注达药效更是强劲 等哪天开到我就试试看！#集中注意力 #托莫西汀 #adhd #服药 #注意力分散 #专注达",2025-02-20,1.2万,5857,2359,3,1,4,0,1,0,0,0,0,1,0,0,1,0,0,0,0,0,1,0,0,0,12000.0,5857.0,2359.0,患者/确诊者本人,第一人称亲历,药物/治疗体验类,0
58,Aliens 👽,本 ADHD 已阵亡,以为是不适合吃托莫西汀，于是昨天去换成了专注达，今天吃了专注达结果一样很困,02-21 上海,79,48,133,3,1,4,1,1,0,0,0,0,0,0,0,0,0,0,0,0,0,0,0,0,0,79.0,48.0,133.0,患者/确诊者本人,第一人称亲历,药物/治疗体验类,0
59,教英语的装修老干妈,adhd进来交出你最夯的早买早享受,"我憋这事儿好久了！
刷了那么多好物推荐，咋就没见咱ADHD人的分享？！
得了，我直接开个帖当“征集处”，你们把压箱底的宝贝都甩出来！等攒够了，我给你们整个【ADHD人早买早爽好物大盘点】！
#ADHD #ADHD自救 #集中注意力 #注意力分散 #注意力 #无限回购#控制购买欲 #好物推荐 #买买买日常",4天前 北京,3899,2682,1639,5,2,5,0,0,0,0,0,0,1,0,0,0,0,0,0,0,0,0,0,0,0,3899.0,2682.0,1639.0,普通泛生活博主,面向读者的科普/建议,患者生活经验/困境叙事类,0
60,Weiß S.,為什麼會有這麼多人認為ADHD較聰明,"沒辦法，我是很笨的ADHD
#adhd诊断",2025-01-22,523,154,193,3,1,7,0,0,0,0,0,0,0,0,0,1,0,0,0,0,0,0,0,1,0,523.0,154.0,193.0,患者/确诊者本人,第一人称亲历,身份认同/人格化/天赋化表达类,0
61,momo,ADHD最适合什么样的伴侣？,"感觉自己一天到晚八百个想法，有时候累得要死不想社交，有时候又有使不完的牛劲，想法太跳跃，和没有内涵的人交流不下去，又很讨厌太爱讲大道理和好为人师的人。
#ADHD #adhd #关注心理健康 #求助 #万能的小红书 #伴侣 #亲密关系",2024-12-05,1653,927,937,4,1,5,0,0,0,0,0,1,0,1,0,0,0,0,0,0,0,1,0,0,0,1653.0,927.0,937.0,疑似患者/自述困扰者,第一人称亲历,患者生活经验/困境叙事类,0
62,小子小张,ADHD 一辈子 0 次心流状态,"仔细想想，初中过后就再也没有进入过“心流”状态。
对于我这种严重 ADHD ，心流必须靠强烈兴趣、 deadline 压力、高度刺激才能偶尔启动。
好痛苦。。怎么破。。。。。
#ADHD #注意力 #不想上班了 #哪有不疯的硬撑罢了",1天前 湖南,22,3,16,4,1,5,0,0,0,0,1,0,0,1,0,1,0,0,0,0,1,1,0,0,0,22.0,3.0,16.0,疑似患者/自述困扰者,第一人称亲历,患者生活经验/困境叙事类,0
63,GrapeVine思维藤蔓（ADHD）,关于ADHD的智力代偿,"ADHD“智力代偿”者，的外在表现往往是处于正常人和典型ADHD人士的临界。
	
也因此我经常会不断的怀疑自己到底是不是ADHD，即便已经获得确诊。
	
因为我们的外在表现实在是太正常了。
	
1.几乎所有的拖延情况在它足够重要时，我总能在最后一刻前完成，甚至质量还比其他人高。
	
2.专注达的作用更多是一直“提高阈值”的感觉，很微妙，但确实有变化，没有很强烈的别人所说的“戴上眼镜，整个世界清晰了”。
	
3.对于重要事件，一般很难忘记，相对不重要的事情，必须通过列list的形式记住，否则肯定会忘记。
	
4.对于时间的模糊感，没有那么的强，好像可以准确知道大概的时间。
	
5.由于超强的责任心，约会几乎永远都能掐点到，而不会迟到，对时间的计算有很好的把控。
	
6.如果某项任务不是内发性的，而是存在强烈的外在监督属性（如老板交给你有明确结束时间的明确任务），你会非常有动力去完成。
	
7.他人不太觉得你像ADHD,而更像是一个缺乏动力的普通人。
	
以上情况确实让我们看起来像普通人一样，但是我们真的是普通正常的人吗？答案是否定的。
	
问自己3个问题：
	
a.如果你在工作状态，请你做一次自我觉察，你是否时常身体紧绷？
	
b.在关注时间（例如坐从没有做过的公交或地铁）你是否会频繁查看时间？
	
c.当第二天有重要的事情时，你是否会耗费非常多的精力以让自己提高这件事在大脑里的优先级？（甚至可能前一天晚上会睡不着）
	
这其实就是大脑在通过智力代偿的表现。我们经常需要花费比正常人更多的精力和注意力在某件本不应该花费如此多精力的事情上，以达到和普通人差不多的成效。
	
我近期一度觉察到自己的身体紧绷，所以怀疑自己是否得了焦虑症，或者交感神经紊乱这样的情况。
	
我一直觉得我的时间观念非常的准确，但当我尝试放松自己紧绷的身体和精神。洗澡居然不知不觉洗了30分钟。我完全没有察觉到时间的流失，而因此错过了高铁。
	
同样当我放松精神不再关注一切，不紧不慢的整理行装时，居然迟到了20分钟才到客户公司，客户打电话给我，我才发现已经到了约定的时间点。
	
这时我才发现你身体的紧绷，你对某一件事的过度关注，其实是ADHD智力代偿者在社会化适应下，为了接近正常人所谓“标准”和水平，做出的妥协和让步。因此我们会付出比别人更多的精力也会更累，但这也造就了我们注定“非同寻常”。
	
接纳生活接纳自己，愿你有美好的每一天。
	
#注意力分散 #大脑 #学习动力不足#ADHD #打工人",2025-10-09,6727,3496,681,3,1,7,0,1,0,0,0,0,1,0,0,1,0,0,0,0,0,1,0,1,0,6727.0,3496.0,681.0,患者/确诊者本人,第一人称亲历,身份认同/人格化/天赋化表达类,0
64,schwifty,ADHD邪修：事情越紧急越爽,"ADHD多巴胺四要素：紧急，挑战，新鲜，有趣
	
紧急的事情ADHD会分泌大量的多巴胺，所以考试前会效率大爆发，自己的优势要利用起来呀，不如自己可控的设置很近的deadline，既新鲜又刺激。
	
举个🌰：跟别人一样六个月考过金融执照没意思，我就要逼自己两个月就给它考出来！选择一个对于一般人来说很紧张的时间，无聊普通的事情一瞬间这个热血感不就上来了吗？不就变成了，我最爱的：挑战了吗？像电影主角
Rocky一样废寝忘食，然后获得最后的胜利，这种奋斗的感觉爽飞天啊！
	
每个月都给自己安排个考试或者挑战。挑战一个月考出来驾照，挑战一个月考出来韩语一级，三个月挑战脱口秀表演，每个挑战都有一个时间限制以及有一个看得到的成果
	
没有时间想太多，没时间按部就班，没有时间拖延，没有时间内耗！因为时间很短你还得绞尽脑汁像解谜题一样清理路上必定会出现的各种障碍。你自己不选择自己要做什么的话，别人就会帮你选，还不如逼自己一把。会发现自己潜力巨大！
	
ps：核电站的电不用是要爆炸的，不做点什么这个核电就会疯狂空转，用在焦虑内耗上，八字角度就是把金水给泄出去。
	
#adhd #adhd自救 #邪修 #多巴胺 #fyp",13小时前 美国,11,6,评论,4,2,7,0,0,0,1,0,0,1,0,0,1,0,0,0,0,0,0,0,1,0,11.0,6.0,,疑似患者/自述困扰者,面向读者的科普/建议,身份认同/人格化/天赋化表达类,0
65,ACTive Mind,高功能ADHD特征总结,"#ADHD #注意力分散 #内向高敏者 #分散注意力 #注意力 #注意力转移 #儿童智力发展 #集中注意力 #注意力训练 #提升注意力 #掌控注意力
让你最痛苦的特征是什么？#让你最痛苦的特征是什么？ [投票]#",2025-04-26,2336,1625,406,2,2,1,0,0,0,0,0,0,0,0,1,0,0,0,0,0,0,0,0,0,0,2336.0,1625.0,406.0,心理咨询/心理科普账号,面向读者的科普/建议,症状共鸣/自我识别类,0
66,千城,adhd个人一些可能相关的表现情况,"感觉在了解到adhd之前自己其实已经挣扎了很多年。
无意识的就用到了很多典型的对抗adhd的习惯方式。
用很短的时间快速的下意识的整理了这些东西。
希望能对adhder有帮助。
现在周一到周五36mg，周六周日一颗。
有什么问题想问的，我尽力解答。
#注意力缺陷多动障碍 #adhd科普 #adhd #ADHD #专注达",2024-03-29,67,34,31,3,1,5,0,1,0,0,0,0,0,0,0,0,0,0,0,0,0,0,0,0,0,67.0,34.0,31.0,患者/确诊者本人,第一人称亲历,患者生活经验/困境叙事类,0
67,但是我愿意为你做任何事,adhd天赋是擅长分离,虽然本人严重cptsd但由于adhd已经完全忘记创伤只剩下感受了 任何回忆工作都启动困难 今天想翻相册怀念朋友死活下不了床觉得翻开一本相册这个行动太困难。过去全都像尿一样流走了。#adhd,2025-10-07,7575,1802,935,4,1,7,0,0,1,0,0,0,1,1,0,0,0,0,0,0,0,1,0,1,0,7575.0,1802.0,935.0,疑似患者/自述困扰者,第一人称亲历,身份认同/人格化/天赋化表达类,0
68,辋川集（手工版,ADHD天生就该站在舞台中心的证据💃,"1⃣️ 一个人在家听recording，反复放了三遍都不过脑子；但是在课堂上却贼投入，甚至嫌老师语速太慢，想要两倍速
2⃣️ 我有一阵莫名其妙地抑郁了，于是每天去闹市区/图书馆等人很多的地方待一阵，情绪就好了很多
3⃣️ 一个人躺着什么都不敢干，越躺越抑郁；出去实习（前提是喜欢的工作），越干越开心，主动卷到人群上游
4⃣️ work from home如同人间蒸发，进度推的比蜗牛还慢；onsite工作秒变效率机器，从来只有说我工作能力强的，没有人说我拖延的
5⃣️ 周末或者假期大把时间给自己，结果磨磨唧唧不知道在干什么；一旦小组一起做任务，或者是直播码字，那表演欲一上来，让你见识一下什么叫hyperfocus
6⃣️ 面对反馈周期长的任务，比如考研这种，干着干着就失焦了；但做与外界频繁交互，反馈及时的任务时则精力满满
	
我本人就是以上这样，所以前段时间传出李梦可能有ADHD的时候，我惊呼演员简直是ADHD的天选职业好么？在很多人的片场工作，需要很多与他人的交互，反馈也很及时（没演好马上就咔了重演），同时还有很大的空间给演员舒展自己的艺术理念（如何揣摩角色心理，简直不要太适合高敏感人群）。
	
ADHD真的适合站到舞台中间，因为人前人后做事情的状态真的很不一样，相信体会过的都懂。
	
我是ADHDer辋川集，
分享ADHD知识，迈向【A级人生】！
	
独自摸索的ADHD是否也想要和同伴们互助呢？如果你也有启动困难、执行障碍、难以专注或是作息混乱之类的问题，欢迎进群讨论，咨询、监督和定期组织的读书会活动都会在群里通知哟！👇
#ADHD  #心理  #adhd  #互动",2024-12-17,5852,2375,437,4,1,7,0,0,0,1,1,0,1,1,0,1,0,0,0,1,0,1,0,1,0,5852.0,2375.0,437.0,疑似患者/自述困扰者,第一人称亲历,身份认同/人格化/天赋化表达类,0
69,June（赛博adhd）,各位来谈谈你的恋爱经历吧,#adhd自救 #希望大数据推给有需要的人 #ADHD成人注意力缺失症多动症 #adhd #注意力分散 #adhd症状 #adhd科普 #ADHD多动症 #adhd确诊 #成人adhd的自救,01-12,872,381,389,4,2,5,0,0,0,0,0,1,0,0,0,0,0,0,0,0,0,0,0,0,0,872.0,381.0,389.0,疑似患者/自述困扰者,面向读者的科普/建议,患者生活经验/困境叙事类,0
70,非NT人士,神经科学：AuDHD的大脑是如何工作的？,"Autism 的遗传可能涉及到几百个甚至上千个基因，其中，跟神经发育、神经信号传导相关的、生殖细胞突变相关的、DSM手册改了八版，也总算是把 Asperger 综合征 也加到 Autism Spectrum Disorder（ASD）里了。
	
但是啊，但是，目前来看，科研和临床脱节依然很严重，虽然网络上关于神经多样性的讨论热火朝天，但我国在三甲医院或精神专科医院工作的，能够诊断神经多样性的医生，仍然非常缺乏，截至目前，在我的乐观预估下，也就 200个左右吧。
跟网络博主比起来，简直少之又少。
	
而且医生呢，也有医生的难处，有时候又因为「自闭症」这个诊断看上去比较伤人，可能会开出一些委婉的诊断，比如：语言发育迟缓、心理发育障碍、社交障碍、沟通障碍、感觉处理障碍…… 等等，有时候还要在后面打个问号，意思是，待进一步确认，所以正式确诊 ASD 呢，也比较麻烦，而且不同的人受损程度不同，能接受倒也还好，但有很多人不愿意接受，尤其是一些孩子的家长。还有些人也会担心，确诊之后要买保险怎么办，保险会不会不给报销……
	
更多阅读滑动图片中的内容。
	
#神经科学 #ADHD #ASD #AuDHD #Autism #脑科学 #注意力 #精神健康 #双A #非NT人士",01-17,518,334,54,2,2,6,1,0,1,0,0,0,0,0,0,0,0,0,0,0,0,0,0,0,0,518.0,334.0,54.0,心理咨询/心理科普账号,面向读者的科普/建议,共病/鉴别诊断类,0
71,30歲那年我重生了👾,ADHD，其实是极度容易学习上瘾的学霸。,"很多人对ADHD的误解就是不爱学习不能专心。
其实我们不是不爱学习，而是我们有自己的“学习开关”，一旦那个开关被点亮，我们会进入一种“学习狂热模式”，全身心投入，无法自拔。
别人或许要强迫自己才能专注，而我们只需要找到那个能点燃我们的东西，一旦锁定，学起来比谁都狂热，甚至废寝忘食。我们会像“学习的海绵”一样，疯狂吸收一切知识。这不是负担，反而是我们最享受的状态。
ADHD并不意味着我们无法专注，而是当我们找到那个激情点时，我们可以专注到忘记时间，甚至连吃饭睡觉都成了次要的事。那种全力以赴的状态，只有真正体验过的人才懂得。
所以，ADHD并不是我们的问题，而是我们的学习方式独具一格。我们需要的不仅是普通的学习计划，而是找到那个点燃我们热情的“火种”。当那一刻来临，我们会成为极度学习成瘾的学霸，学得比任何人都疯狂，都深入。
ADHD是一种天赋，而不是障碍。我们只是用不一样的方式，去追求我们热爱的知识，终将超越自己，走向成功。
#ADHD #成人ADHD #努力成为更好的自己 #成人adhd的自救 #ADHD学习搭子 #学习分享 #学习动力",2024-10-04,9824,5157,602,3,2,7,0,0,0,1,0,0,0,0,0,1,0,0,0,0,0,0,0,1,0,9824.0,5157.0,602.0,患者/确诊者本人,面向读者的科普/建议,身份认同/人格化/天赋化表达类,0
72,崔克西不规划,我和2万粉博主杠上了：ADHD是不是残疾？！,"没想到一句评论惹来骂战。那ADHD到底是不是残疾？你怎么看？
#ADHD #残疾 #残障 #人类多样性观察样本 #adhd自救 #神经多样性",2天前 北京,66,26,32,5,1,2,0,0,0,0,0,0,0,0,0,0,0,0,0,0,0,0,0,0,0,66.0,26.0,32.0,普通泛生活博主,第一人称亲历,科普纠偏类,0
73,Gogo,为什么国外小孩人均自闭+ADHD,,02-22 澳大利亚,2372,937,1594,9,2,6,0,0,1,0,0,0,0,0,0,0,0,0,0,0,0,0,0,0,0,2372.0,937.0,1594.0,无法判断,面向读者的科普/建议,共病/鉴别诊断类,0
74,peng,一个adhd读到这个真的很兴奋,,2024-12-04,1.1万,3768,962,4,1,9,0,0,0,0,0,0,0,0,0,1,0,0,0,0,0,0,0,0,0,11000.0,3768.0,962.0,疑似患者/自述困扰者,第一人称亲历,无法判断,0
75,焰朵,成年后才确诊ADHD的女生真的有点可怜😭,"因为ADHD通常不会随着长大消失，
只会一次又一次给你的生活造成困扰，让你陷入自责、混乱、失控的状况中，甚至可能共患抑郁症、焦虑症。
	
作为一个30+才确诊的成年女性ADHDer，真的吃够了苦头，才迈进医院……确诊后，从此和自己和解了。
	
如果你从小就有以下症状：
📍很难专注，总是神游天外白日幻想
📍丢三落四，忘性大
📍重度拖延，经常赶DDL
📍没有时间观念，经常迟到
📍不停跳槽，在一个公司干不长久
📍文字一多就没耐心看下去
📍房间桌面混乱如战场
……
那么宝，你很有可能患有ADHD🥹
ADHD的核心症状请左滑图片阅读，希望我们每个人都能更好的了解自己。
	
#大大方方做自己 #ADHD #成人ADHD #个人成长 #ADHD自救 #注意力缺陷",2025-02-25,5506,3190,1141,3,1,1,1,0,1,1,1,0,1,1,1,1,0,1,1,1,1,1,1,0,0,5506.0,3190.0,1141.0,患者/确诊者本人,第一人称亲历,症状共鸣/自我识别类,1
76,杂线风筝怪,ADHD ICEBERG | 你看到的只是冰山一角,"专注力不足只是ADHD的冰山一角
#adhd科普 #ADHD#注意力缺陷多动障碍 #meme #冰山模型 #adhd成人多动症 #与ADHD相伴的日子",2024-04-06,713,358,25,4,2,2,0,0,0,0,0,0,0,0,0,0,0,0,0,0,0,0,0,0,0,713.0,358.0,25.0,疑似患者/自述困扰者,面向读者的科普/建议,科普纠偏类,0
77,天天妈妈,ADHD吃东西都惊人的相似,"🤷‍♂️饿到 “临界点” 才行动不是挑食或胃口差，而是对饥饿感知迟钝。大脑像忘了 “饥饿” 这个信号。
	
💡饭点需要 “人工提醒”到了吃饭时间，若没人喊 “吃饭了”，他们可能继续玩玩具、看绘本，像等待邀请的客人。
	
☝被动等待 “服务到位”吃水果要等家长洗好切块，喝牛奶要等倒进杯子。
	
👀吃饭像 “慢镜头播放”一顿饭常吃 1 小时以上，不是细嚼慢咽的优雅，而是吃着吃着就分心：数米粒、玩餐具、盯着窗外发呆。曾有个妈妈记录孩子吃饭过程：20 分钟里，真正咀嚼的时间只有 5 分钟，其余都在 “大脑放空”。
	
🙈喝水靠 “外界触发”口渴时不会主动找水喝，直到嘴唇干裂或家长提醒。有次带干预课，一个孩子连续咳嗽半小时，才发现他嗓子干哑 —— 整整 3 小时没喝过一口水，而水杯就在离他 1 米的地方。
	
😰不是 “不想做”，而是 “做不到”这些行为的核心不是 “懒惰” 或 “不听话”。
	
#adhd #多动症 #ADHD #多动症ADHD #多动症孩子 #多动症儿童 #adhd症状 #A娃 #adhd科普 #多动症怎么治 #多动症的表现 #多动症症状",2025-06-07,242,89,52,5,2,1,0,0,0,0,0,0,1,0,0,1,0,0,1,0,0,1,1,0,0,242.0,89.0,52.0,普通泛生活博主,面向读者的科普/建议,症状共鸣/自我识别类,0
78,沐谦今天不分心,ADHD是最容易被霸凌的人,"我小学的时候就是一个特别敏感的人，甚至同学叫我小名都能让我大发雷霆，所以班主班老师对同学们说“不要招惹我”，但是同学似乎觉得欺负我很好玩，然后接着变本加厉的欺负我。
ADHD在社交上没有边界感，规则意识差，别人会认为他怎么总捣乱？我不会主动欺负别人，但是我总是控制不住自己的一些行为，所以多次在电影院把旁边的人弄的受不了然后离开，小学时也因此被贴上""娇生惯养""的标签甚至被同学诬陷。
霸凌给人造成的伤害往往是长期的，我痛定思痛，整理了一些方法，希望可以帮到宝子们：
1.积极和其他ADHD患者和医生、心理咨询师交流，了解改善情况的方法，我认识的ADHD患者及其家人很多也乐于助人，因为自己淋过雨，所以也想给别人撑把伞，我要谢谢每一个在小红书上给我建议的A娃家长的帮助！
2.培养兴趣爱好。我强烈建议练习体育运动，把身体练得身强力壮的，这样可以改善病情，也可以自我保护，比如我前几天发现的一个10岁的自闭症男孩就在练习拳击，现在已经自信多了。
3.培养社交沟通技能。ADHD再严重的人也不可能与世隔绝的生活，人类是群居动物，人只要活着，就必须社交和沟通才能活下去，而且现在我们已经进入AI时代，但是目前AI代替不了人与人的沟通交流，培养沟通技能，也是在为A娃准备更多的出路。
希望我的经历和整理的方法能够帮助到各位宝子，希望我们一起共同进步，实现破局！#ADHD #ADHD自救 #心理承受能力差 #语言攻击也是暴力 #软弱的自己 #ADHD儿童 #成人ADHD #成人ADHD自救 #A娃 #A娃成长",2025-04-22,141,46,4,4,3,5,0,0,0,0,0,1,0,1,0,1,0,1,1,0,1,1,0,0,0,141.0,46.0,4.0,疑似患者/自述困扰者,混合型,患者生活经验/困境叙事类,1
79,若彤,关于精神类疾病确诊的一点小思考,"朋友推给我的一篇关于 ADHD的“缺陷”实质上是一种优势的帖子，感觉指出了我很长一段时间的关于疾病确诊的一个模糊的困惑。关于诊断的弊端和随之而来的不舒服的感觉。
	
即，当一个人被诊断为某种精神疾病以后，问题就从更广阔的、社会的问题，自然地变成了一个私人问题。
	
这个过程是非常非常不易察觉且非常不公平的。
举个例子，一个常常在课上走神而导致成绩不佳、厌学的小孩，因为这个“问题”而被诊断为注意力缺陷，还可能有随之而来的情绪问题。可是问题在这个孩子吗？
	
也许课程的设计不适合她的思维方式，课程的内容不在她的兴趣点上（为什么有的课是必修，一门完全不感兴趣的课结课后，在脑子里还能剩下多少对这个人来说有效的信息），又或者她根本不适合在学校里上大班课。
	
于是这个事情就从原本的“一个小孩在不适合她的环境里，没能最大限度的发挥自己的长处”变成了“她有认知方面的障碍，需要进行治疗”。把环境的问题变成了个人的问题。把社会的不包容变成了个体的“病态”。
	
一个微妙的、把责任推卸给个人的过程。
	
抑郁症、焦虑症等等，同理。
	
-
#疗愈 #抑郁症 #焦虑症 #精神疾病去污名化 #ADHD #INFP精神世界 #精神疾病",2024-10-11,2.3万,1.2万,1227,5,1,2,1,0,0,1,0,0,0,1,0,0,0,0,0,0,0,1,0,0,0,23000.0,12000.0,1227.0,普通泛生活博主,第一人称亲历,科普纠偏类,0
80,Anna爱健身,疑似ADHD玩具测评 本人日常症状：,"1️⃣上课记笔记写着写着就画画，做题时盯着题干能走神到想“晚上吃什么”
2️⃣看网课/听播客必须开1.5倍速，慢一点就忍不住划进度条，根本听不进去
3️⃣写作业时总忍不住摸旁边的橡皮、转笔，没办法安安静静只做一件事
4️⃣开会时手闲不住，要么抠桌角的木纹，要么扣扣手指
感官石三叶草 ⭐️⭐️⭐️⭐️⭐️
六种纹理摸起来超有反馈，手指反复搓的时候，脑子突然就“沉”下来了
之前总忍不住摸手机、揪衣服线头，现在攥着它转两下，注意力直接被转移过来，文档居然能一次读明白
唯一小缺点：刚开始转的时候总掌握不好力度，练两次就稳了，现在转着走都不会掉
	
扭扭乐 ⭐️⭐️⭐️
性价比绝了
软乎乎的能随便扭、绕手指，写题时手有得忙活，注意力就不容易飘
尤其是拧成结再慢慢解开，比抠指甲舒服多了，死皮都少抠了
	
猫抓板⭐️⭐️⭐️⭐️
扣起来不错，满解压
表面的花纹各有各的爽感
缺点就是：镂空的不太好玩 别的还行
	
感官石专注球 ⭐️⭐️⭐️⭐️⭐️
摸着软乎乎的 平时刷题的时候 经常玩 走神次数变少
是静音的 带去图书馆也不用担心吵到别人了
唯一小缺点：刚开始总纠结用哪面搓更顺手，适应两天就完全没问题了
#ADHD解压玩具测评 #adhd专注力工具 #ADHD手闲不住星人",2025-08-30,380,170,11,4,1,5,0,0,0,1,1,0,0,0,1,0,0,0,0,0,0,1,1,0,0,380.0,170.0,11.0,疑似患者/自述困扰者,第一人称亲历,患者生活经验/困境叙事类,0
81,黑色眼罩猫,对自己是不是adhd感到很迷茫,"如题，在怀疑自己是焦虑症、cptsd、或完全是个偶尔心情不好的正常人后，我发现自己符合大部分adhd的症状。启动困难，不擅长社交，记性差，即使很想做一件事却还是只能焦虑地刷手机，很难在必须要做的事上集中注意力、同时会对喜欢做的事过度集中注意力，桌面杂乱，就算看视频手上也要同时玩手机，做了青衫测试后给的结果是很可能为adhd。
但在确诊adhd最重要的发育史上，我却没那么符合：家长形容我“很好带”，老师对我的评价是“文静”。我只有上课走神、爱幻想、经常交不上作业、阅读癖这几点比较接近，直到高二前甚至成绩一直很好，觉得自己不听课不写作业也没问题、没养成好的学习习惯，才在高二后开始成绩断崖式滑落。
启动困难和无意义的拖延让我非常、非常困扰，我正在大学中学习，平时的学业和学业外的琐事，我都几乎拖到最后（甚至超过ddl去联系老师补交）才能完成，生活也一团乱麻，严重影响身心状态。
我希望知道自己究竟是特征不那么明显的adhd，还是一个拖延症过度严重的普通人，（考虑过去医院诊断，但还是想先问问网友，有个心理准备。读到这里真的非常感谢。）
#有想法轻松发 #注意力分散 #心理问题 #分散注意力 #专注力不集中 #学习不在状态的问题 #adhd #adhd自救",2025-08-22,1640,615,226,4,1,6,0,0,1,1,0,1,1,1,0,1,0,0,1,1,1,1,0,0,0,1640.0,615.0,226.0,疑似患者/自述困扰者,第一人称亲历,共病/鉴别诊断类,0
82,美林在学习,ADHD 与童年创伤及成瘾的内在联系,"病友们，ADHDer,你们对什么东西上瘾吗？
病友们，ADHDer,你们童年时收到过什么精神创伤吗？
我高中时有严重网瘾，后来烟瘾十几年，购书成瘾也有好几年
不过现在都好了……
我想知道，你们是否曾经有同样的困扰。
说说你们的故事吧。
#ADHD ADHD治疗 #adhd自救攻略 #adhd诊断",2025-09-28,215,166,46,4,2,6,0,0,1,0,0,0,1,0,0,1,0,0,1,0,1,1,0,0,0,215.0,166.0,46.0,疑似患者/自述困扰者,面向读者的科普/建议,共病/鉴别诊断类,0
83,Vivi的ADHD邪修日记🔮,老罗说的adhd到底是啥：不完全确诊指南,"👾ADHD科普的意义在于，“知道ADHD存在本身就是一种巨大的解脱”，你会知道分心不是你的错，你会知道过去的你真的辛苦了，请抱抱ta吧。
	
接下来我们可以理解自己、托举自己，一起来构建属于ADHD们的使用说明书，把我们的特点的天赋最大化！
	
#ADHD #成人adhd #adhd #adhd科普 #Adhd #拖延症 #adhd症状  #行动力 @心理薯#罗永浩 #罗永浩科技春晚
	
🔽目前的ADHD使用说明书已经有一些阶段性收获了（见合集），关注我一起探索~~",2025-12-31,1263,799,105,4,3,2,0,0,0,0,0,0,0,1,0,1,0,0,0,0,0,0,0,1,0,1263.0,799.0,105.0,疑似患者/自述困扰者,混合型,科普纠偏类,0
84,itsyucen,【5】一些关于adhd梗图哈哈哈,#梗图 #此图有梗 #meme #ADHD #adhd症状 #adhd #ADHD的日常 #合理但有病,03-01 江西,7793,1672,401,5,2,9,0,0,0,0,0,0,0,0,0,1,0,0,0,0,0,0,0,0,0,7793.0,1672.0,401.0,普通泛生活博主,面向读者的科普/建议,无法判断,0
85,ADARA,ADHD日常bingo,"近期无业独居中，休息得很爽，但没有任何外源指令导致日常节律完全乱掉了。刷到了类似的bingo，按自己的日常需求用excel排了一下版，定制了几本便签，然后围绕这个便签来做每日手账。用的这几天感觉找回了一点生活的实感。不然就是昏天黑地打游戏，除了出门看电影以外，没有任何日程安排，不上班比上班熬的夜都多
	
一点排版时的思路：
首先列出一些自己觉得日常要做的事情，扩充或者精简到25条，记得放一点基础的生存需求上去。
整个bingo里一定要为自己的低精力状态保留一条容易达成的线，不然的话在没精力的状态，一打眼没有一样事情想做。在这条线里留一两格稍微提一点要求，主要是提醒自己还得正常吃饭喝水别把自己躺着饿死了。（最近有一天晚上快十二点打游戏突然晕3d恶心想吐，以为是前几天连着熬夜熬大了，终于要猝死了。冷静回忆了一下，一天只有中午喝了瓶可乐吃了袋面包，一直坐着没动耗能比较低，到这个点才低血糖，吃了两块巧克力缓了会就恢复了。）
四个角有三条线可以达成，可以分别放一个易启动的选项。比方说我今天安排就是要出门看电影，或者快递到了我要去拿，那么出门这个选项就是容易达成的。那既然要出门，就可以挑白天天气比较好的时候出门，在外面稍微逛一下，又达成了晒太阳。这样的话就有三条线可以启动。设计时可以围绕着这四个角来设计一个一天的主题。
中心点有四条线，那么就要放一个我希望必须要达成的要求。目前无业状态全靠消耗存款，像之前一样乱买东西确实有点遭不住了。
其他的位置就比较随便了，基本框架打好了之后随便往里面填就行。填完了之后，再围绕着一条线达成所需要的精力高低来调整就好。",6天前 湖北,7258,3801,331,4,1,5,0,0,0,0,0,0,1,0,1,1,0,0,0,0,0,1,1,0,0,7258.0,3801.0,331.0,疑似患者/自述困扰者,第一人称亲历,患者生活经验/困境叙事类,0
86,SOMA的ADHD星球,为什么我讨厌别人说每个人都有adhd,"人生过了三分之一才发现有的苦我原本可以不吃，你偶尔几次的走神无法与我受的折磨相提并论。
#注意力缺陷多动障碍
#ADHD",2024-09-02,1674,248,250,4,1,2,0,0,0,0,0,0,0,0,0,1,0,0,0,0,0,1,0,0,0,1674.0,248.0,250.0,疑似患者/自述困扰者,第一人称亲历,科普纠偏类,0
87,伊卡洛斯心理（meme版）,外网关于ADHD的表情包1 | 附专业科普,"ADHD全称注意缺陷与多动障碍。
	
包括注意力缺陷，和多动/冲动两大亚型。
我们日常所说的多动症其实只是其中的一种表现。
	
ADHD与自闭症/智力障碍，都属于神经发育障碍，这意味着症状一般在童年（12岁以前）就会出现，不会成年了突然得了ADHD。
	
随着神经发育的成熟，部分ADHD的症状会随着年龄的增长而缓解，但也依然有不少人的症状会维持到成年。
	
成年ADHD的特点是多动症状会有所抑制，但冲动依然会是个问题（冲动不一定是跟人打架，成年ADHD的冲动往往表现为社交侵袭，比如总是打断别人说话）。
	
但ADHD的症状不是在所有场合都存在的，比如在新的环境，或者参加特别有意思的活动，或者一对一的情境中，这些症状可能会很少或者没有。
	
以上信息来自：DSM-5
#梗图 #meme #ADHD #多动症",2025-04-24,1.6万,1772,1253,2,2,2,0,0,1,0,0,1,0,0,0,0,0,0,1,1,1,1,0,0,0,16000.0,1772.0,1253.0,心理咨询/心理科普账号,面向读者的科普/建议,科普纠偏类,0
88,A 娃加油站✨,ADHD  有点“怪”但很实在的小技巧,"和 ADHD 相处了二十多年，试过无数方法后，才发现真正有用的往往是那些有点“怪”但很实在的小技巧。分享一波我亲测有效的。
	
1. 早睡，真的不开玩笑
以前觉得是废话，后来发现睡够觉，第二天脑子像被格式化过一样清爽——至少一半的注意力问题都和睡眠有关。
2. 把手机调成黑白模式
一秒钟戒掉刷手机的冲动，世界突然就安静了。别问，试试看，你会回来感谢我。
3. 戴上帽子或裹紧围巾学习
听起来有点中二，但物理上“包裹”自己，莫名有种结界感，干扰少很多。
4. 做事时咬住舌头（不是咬断！）
或者轻轻抿住嘴唇，身体某个部位稍微紧张一点，反而能让大脑的注意力稳住。
5. 仿生物阅读法
像扫描一样读文字，一行一行“扫”过去，不回头，速度提上来反而不容易走神。
6. 听那种“很忙但简单”的背景视频
比如夜市小吃摊做煎饼、游戏实况解说，背景音人声不断但内容不费脑，有种“被陪伴着专注”的感觉。
7. 提前调动多巴胺
学习前先蹦跶十分钟、吼两句歌、在家里发疯转圈……做一些让身体兴奋的事，再坐下，脑子会乖一点。
8. 想象自己是个生活博主
一边做事一边内心OS：“好，接下来咱们要把这个章节搞定，第一步先读标题……”戏精附体，任务变得有趣多了。
9. 吃维生素B族
不是神药，但长期吃感觉情绪和精力会稳定一些，配合睡眠效果更佳。
10. 不断对自己提问
“这页在讲什么？”“为什么这个步骤要这样？”自问自答，让大脑没机会飘走。
11. 挑游戏BGM当工作背景乐
很多游戏配乐本来就是为“沉浸式体验”设计的，不带歌词，节奏舒服，专注力加成明显。
12. 深呼吸不是摆拍
焦虑感上来的时候，停下来，认真深吸慢吐几次，不是敷衍，是真的给大脑重启。
13. 小破站上那些“ADHD红色背景音乐”
偶尔拿来应急，有种强行把注意力拽回来的感觉，但不建议长期依赖。
这些都是踩坑多年后，依然在用的“生存技能”。如果你也有私藏方法，欢迎评论区交换～
持续更新中，一起在ADHD的世界里聪明地活下去💪
	
#ADHD #成人ADHD #adhd #专注力黑客 #专注力 #方法 #adhder #adhder #",2025-10-15,4969,3606,141,4,1,5,0,0,0,1,0,0,1,0,0,0,0,0,0,0,0,1,0,0,0,4969.0,3606.0,141.0,疑似患者/自述困扰者,第一人称亲历,患者生活经验/困境叙事类,0
89,A娃生存指北,ADHD｜我才知道我一直以为的嘴碎是过度分享,"我一直以为是我E人的缘故，话特密，后来看了评论区才发现原来大家普遍有这个特质，然后就去查了一下
	
#为什么ADHD容易导致过度分享？
	
1. 冲动控制困难： 这是ADHD的核心症状之一。ADHD大脑的前额叶皮层（负责执行功能，包括抑制冲动、规划、决策）的功能和结构与神经典型大脑不同。这使得及时“刹车”、过滤想法、评估“这个该不该说”变得困难。想法一旦产生，几乎会不受控制地脱口而出。
	
2. 寻求刺激/多巴胺需求： ADHD大脑的多巴胺水平通常较低。分享有趣的故事、想法或感受，尤其是在获得他人积极回应（如笑声、惊讶、共鸣）时，能带来即时的多巴胺刺激，满足大脑对神经递质的需求。
	
3. 思绪奔逸： ADHD的思维常常是跳跃式、发散式的。一个话题很容易触发一连串相关的想法、记忆或联想。在分享时，可能会从一个点迅速跳到另一个看似不相关但对自己有联系的点，导致话题越扯越远，分享过多细节或背景信息。
	
4. 过度补偿与社交焦虑： 有些ADHD者可能因为担心冷场、害怕被拒绝或想努力融入，而过度补偿性地说话和分享，试图用信息量来维持对话或获得认可。
	
5. 情感调节困难： 强烈的情绪（无论是兴奋、焦虑、愤怒还是悲伤）可能更难抑制。当感受强烈时，会迫切地想表达出来，导致分享的内容过于私人或强烈。
	
6. 时间感知差异： ADHD者对时间流逝的感知可能不同，可能难以意识到自己已经讲了很久，或者没注意到对方已经失去兴趣的信号。
	
7. 缺乏社交线索觉察： 有时可能过于专注于自己的思绪流或表达冲动，而忽略了他人的非语言信号（如眼神飘忽、身体转向别处、简短回应、看手机等），这些信号通常表示对方希望结束话题或转换主题。
	
#ADHD #分享 #成人ADHD #话多 #过度分享",2025-06-04,2206,1001,245,2,2,2,0,0,0,0,0,1,0,0,0,1,0,0,0,0,0,1,0,0,0,2206.0,1001.0,245.0,心理咨询/心理科普账号,面向读者的科普/建议,科普纠偏类,0
90,梨花香香香,正式确诊adhd,"在加上一有压力就偏头痛，本能逃避学习。
#注意力分散 #对抗心理疾病 #注意力 #ADHD",2025-09-23,1286,289,435,3,1,3,1,0,0,1,0,0,0,1,0,0,0,0,0,0,0,1,0,0,0,1286.0,289.0,435.0,患者/确诊者本人,第一人称亲历,确诊/就医流程类,0
91,momo,26岁确诊adhd，十年痛苦终于有了一个答案,"从小就有adhd症状，小学时勉强能维持学生该有的生活，越长大越不行，到青春期中途直接整个生活秩序都崩溃了。初中、高中都过得很委屈很痛苦，但那时候根本不知什么是adhd，以为只是自己太焦虑了和不够自律。大学期间也浑浑噩噩的，生活秩序反复的崩溃又修复又崩溃。终于大学后期我意识到我可能真的和别的同学有本质的不一样。但直到大学毕业，我才了解到什么叫adhd，什么是asd，什么是家族遗传。因为种种原因又拖了很久很久才终于鼓起勇气来求诊。医生听我口述发育史没多久就说：你这些症状太典型了，一听就是了。而且听你描述你父母的状态，他们多半也有，甚至可能是asd+adhd共病。
做了一堆检查，终于确诊，我内心的一块大石头落地了，原来这么久以来的痛苦、混乱并不是我自己“懒惰”“不上进”“不自律”，而是有一个真正的答案。虽然现在干预也还不晚，但真的希望自己早一些发现这个答案，能少受许多委屈",2025-11-13,138,55,11,3,1,3,1,0,1,1,0,0,1,1,0,1,0,0,1,1,1,1,0,0,0,138.0,55.0,11.0,患者/确诊者本人,第一人称亲历,确诊/就医流程类,0
92,GrapeVine思维藤蔓（ADHD）,第一部分：就诊前的准备工作,"有很多朋友跟我说怀疑自己是ADHD，且不断在网络上赛博确诊，陷入一个月甚至更久的反复内耗。这些也是身为ADHD的我之前所遇到过的情况，遂开此贴。
我会先把目录放下面，如果字太多看不下去（A娃特点之一）可以先收藏，关注我不迷路！
	
目录：
第一部分：就诊前的准备工作
1.我是否疑似ADHD?
2.我该不该去医院进行干预？
3.我去医院前应该准备些什么？
4.如果你陷入了反复内耗，看这里。
	
第二部分：挑选本地/附近的医院进行就诊
1.确定哪些医院可以进行确诊
2.上海精卫就诊建议
3.了解预约挂号的流程
	
第三部分：怎么向医生表明我的需求
1.首先，确定你的需求
2.和医生讲清楚真实的情况和状态
3.如果对医生开的药品或治疗不满意，及时提出！
	
#心路历程 #ADHD #去医院看病 #避坑指南 #注意力分散 #希望帮助到有需要的人 #就诊经历",2025-10-01,865,582,40,3,3,3,1,1,0,0,0,0,0,0,1,1,1,1,0,0,0,0,0,0,0,865.0,582.0,40.0,患者/确诊者本人,混合型,确诊/就医流程类,1
93,爵士好喵,一张图看懂：正常人 vs ADHD 的表达差异,"你有没有遇过这样的人：
讲故事的时候常常跑题、细节太多、讲一讲自己也忘了重点。
你可能以为他们“表达能力不好”、“没逻辑”。
但在心理学中，这其实可能是ADHD人群的认知特征之一。
他们不是没重点，而是大脑里有太多“重点”：
•	正常人讲故事：开头——经过——结尾，结构清晰，信息筛选明确
•	ADHD讲故事：从主线跳到细节，从细节再跳到回忆，
然后意识到说太久了 → 开始道歉 → 想补回主线 → 忘记刚刚讲到哪……
对ADHD大脑来说，“信息过滤”并不容易。
他们捕捉的信息太多，太快，且同样重要。
于是讲着讲着，所有事情都像是值得被解释的背景、上下文和注解。
ADHD讲故事时常见的内心对话：
•	“我要把上下文讲清楚，不然你会误解”
•	“这个细节虽然小，但对我很重要”
•	“我刚刚想到一个相关的故事，等一下，我会回来主线的”
•	“我是不是说太久了？对不起对不起”
•	“我刚刚讲到哪了……等等，我试着接回来”
这些跳跃、延伸、解释，并不是他们不懂结构，
而是——大脑太活跃，注意力太分散，
同时又太希望被听懂、被接纳。
从心理学的角度来说：
ADHD的执行功能（executive function）常常受影响，
这意味着他们在组织语言、规划内容、维持话题连贯性方面需要额外努力。
但他们的故事里，常常藏着更多细节、更多情感、更多的连接感。
只要你愿意听完，他们讲的不只是一个故事，
而是他们对世界复杂而敏锐的感知方式。
📌 所以，下次当你听到有人讲得“有点绕”，
也许可以多一点耐心。
那不一定是“没条理”，
而是他们正努力让你进入他们的世界。
想了解更多关于ADHD表达模式、情绪调节和真实处境？欢迎关注我，我们一起用理解打破标签。
本漫画内容原作者为Dani Donovan，原文版权归原作者所有。
经个人翻译整理（仅供学习交流），如有侵权请联系删除。
#注意力缺陷  #分散注意力 #脑科学 #adhd #注意力 #adhd症状 #提升注意力 #孩子注意力不集中 #多动症 #注意力训练",2025-10-14,6394,1031,633,2,2,1,0,0,0,0,0,1,0,0,0,1,0,0,0,0,0,1,0,0,0,6394.0,1031.0,633.0,心理咨询/心理科普账号,面向读者的科普/建议,症状共鸣/自我识别类,0
94,C.,好难,一直想问：ADHD们是如何维持一份稳定的工作的？#adhd自救 #adhd #活着,01-22,463,303,391,4,1,5,0,0,0,0,1,0,0,1,0,1,0,0,0,0,0,1,0,0,0,463.0,303.0,391.0,疑似患者/自述困扰者,第一人称亲历,患者生活经验/困境叙事类,0
95,我的猪咪很曼妙,10个迹象表明你不是adhd,"我来起一个
1.晚上不想刷牙，就是懒的动弹，不想离开床。
2.该交报告/作业不想写，正常人谁爱写那破玩意儿，糊弄糊弄得了。
3.开会听不进去烦躁，说那话是人话吗，听得进去的人已经腌入味儿了吧，这种破会没事儿少开，没有重点全是尿点。
4.丢三落四，就丢就丢怎么了，如果人都那么精确为什么要设计防人因训练和指差确认。
5.没有耐心短视频倍速，这不很正常吗你这一年有静下心来看过几本证正经书吗，学习能力早就还给高中老师了，十几年没认真学习过了还指望自己坐下来就能两耳不闻窗外事么。别说学习1年植物人你路都不会走。
哈哈哈最近看了太多反过来的帖子有点逆反，因为adhd（重点限定成人adhd）说起来很多症状常人都有，只有一直告诉你你是有病的这个是病的帖子，很少见反过来说一些，这倒也不一定，有病的不是你是其他人沙b。
	
再补充解释一下，我写这个帖子是正好看到了一个叫，以下症状表明你不是懒而是adhd，当我点进去的时候发现很多评论都觉得在说自己，这是因为adhd的注意缺陷还有多动表现出来的行为其实普通人也有（拖延/走神/懒惰/急躁），但之所以叫缺陷（指导手册也有说明），是因为对生活/学习/工作造成非常严重的影响，因为迟到粗心被开除，因为拖延被退学等。所以很多医生第一个问的就是你的学历，当然很多人会说我虽然学历不低但你知道我有多辛苦才能和正常人一样吗，这些人则需要深度访谈由专业医生进行排察。但无论如何很多人错误的认为有这些感受那自己就可能是adhd，我想提供另一种可能，一个是否你对自己过于严格，不允许自己懒惰拖延，或者你是否是焦虑抑郁，以至于你对自己的期待过高，或者无法接受自己的行为超脱自己的掌控（无法按时完成计划），对于这些非adhd（缺陷）的人，我想给他们提供一个和解的契机和理由，你不是有病（缺陷），也不是不上进不积极，你只是把懒惰当成了洪水猛兽，把一些工作/生活命题看的太重，你对自己评价太低了，其实你和普通人所呈现的行为结果大差不差，但你确实承受了更大的心理压力，你需要做的不是让自己更认真更努力更专注，而是接受你所有的懒惰，拖延，不要yes，but，说yes，but so what。
#成人adhd #adhd",2024-10-16,1258,419,268,5,2,2,0,0,0,1,1,0,1,0,0,1,1,0,0,0,0,0,0,0,0,1258.0,419.0,268.0,普通泛生活博主,面向读者的科普/建议,科普纠偏类,1
96,9.9r也可以爽买bot,【合集】最最最夯的ADHD好物（自存版）！！！,"这里是爽买bot！
	
看到好多宝贝在求ADHD的实用好物，缓解分心、摆脱混乱、提升执行力、减轻内耗都太适配了…不管是日常通勤、居家办公、校园学习，还是出门在外，能帮ADHD宝子们省心省力的好物，都是刚需中的刚需✨
	
bot火速安排！专门开帖征集【ADHD封神级好物】！主打一个“超实用+多品类”，不管是全网爆火的热门款、回购N次的宝藏款，亦或是小众不踩雷的刚需款，每一款都经得住ADHD宝宝们反复用 🔗必须把这个征集提到C位！[棒R]
	
🎉各位宝宝快交出封神级ADHD好物！！
比如：告别混乱的【空间收纳类】｜懒人福音的【生活类】｜告别拖延的【日程规划类】…
	
bot已拿好小本子准备抄作业啦！
关注=入住❤️欢迎宝宝入住🏠
	
#ADHD #ADHD症状 #ADHDer #成人ADHD自救 #好物推荐 #好物安利 #我的好物清单 #种草好物 #注意力训练 #平价好物",3天前 四川,929,399,207,6,2,5,0,0,0,1,1,0,1,0,1,0,0,0,0,0,0,0,0,0,1,929.0,399.0,207.0,商业/营销导向账号,面向读者的科普/建议,患者生活经验/困境叙事类,0
97,momo,ADHD的好处是？,#adhder #adhd #adhd确诊 #思考 #转移注意力 #分散注意力 #神奇的人类 #注意力 #adhd症状 #一起玩觅,02-26 江苏,1164,470,312,4,2,7,0,0,0,0,0,0,0,0,0,0,0,0,0,0,0,0,0,1,0,1164.0,470.0,312.0,疑似患者/自述困扰者,面向读者的科普/建议,身份认同/人格化/天赋化表达类,0
98,ADHD温暖备忘录,一张图看懂:ADHD 容易走向“慢性疲劳综合症,"你有没有这种感觉：
脑子很吵，却做不了事。 想记点东西，但连“回忆”都觉得累。 白天像被掏空，晚上又像电池被反复榨干。 明明想努力，却慢慢陷入 “动不了，也停不下”的状态。
如果你有 ADHD 倾向，又长期深度疲惫、认知模糊、记忆断裂—— 你可能正走在 ADHD → CFS（慢性疲劳综合症） 的路径上。
下面讲清楚这条隐形链路。
	
01 ADHD 的根源不是专注差，而是执行功能长期过载
普通人做事：自动高效、能量低消耗。 ADHD：要靠“硬撑”才能开始、推进、收尾。
别人用 10% 的能量完成的事， 你可能要用 70%–120%。
这就是 认知超载（Cognitive Overload）： 每天都在悄悄透支精神能量。
	
02 “假装正常”是巨大的能量黑洞
很多高功能 ADHD 会：
装得不敏感
装得情绪稳
装得能多任务
强行同步社交
不让别人看见混乱
这种 Masking 会疯狂消耗心理能量， 像一台“外表正常、内部却一直过热”的服务器。
	
03 认知超载 + 睡眠障碍 = 通向 CFS 的最快通道
ADHD 高频伴随： 入睡难、入睡晚、睡得浅、醒来不恢复、日夜颠倒。
睡眠得不到修复 → 白天更累 → 功能下降 → 再次超载。
最终形成： 能量亏损 → 系统枯竭 → 慢性疲劳综合症（CFS）
	
04 CFS 不是懒，而是身体进入“节能模式”
当你长期超额付出却无法停下， 心理装置会启动保护机制： 节能模式（Energy Conservation Mode）
表现为：
极度疲惫
思维迟缓
记忆断裂
连“回忆”都感到耗能
这是身体在说： “再消耗，我就要崩溃。”
	
05 ADHD × CFS：一场存在悖论
ADHD：想行动、想体验、想刺激。 CFS：连最小的投入都做不到。
于是你被困在： 精神在躁动，身体在罢工。
渴望流动，却被锁死在凝滞里。
	
06 为什么你“不仅记不住，连回忆都累”？
ADHD：编码弱 CFS：提取无能量
于是出现：
记不住
想不起来
回忆都像在搬重物
过去像雾一样散掉
记忆崩塌 → 叙事断裂 → 时间感瓦解 你会觉得自己在“消失”。
	
如果你正处于 “脑子吵、身体累、记忆断、行动难”—— 这不是你的错。
这是你的大脑在求救： 你已经很久没有被好好照顾了。
留言告诉我： 这些症状，你中了几条？
#ADHD #CFS #慢性疲劳综合征 #认知超载 #心理能量枯竭 #执行功能障碍 #ADHD共病  #记忆障碍  #高功能伪装",2025-11-23,261,289,6,2,2,6,0,0,1,0,0,0,1,0,0,1,0,0,0,0,1,1,0,0,0,261.0,289.0,6.0,心理咨询/心理科普账号,面向读者的科普/建议,共病/鉴别诊断类,0
99,慢慢完成时,知道ADHD长得显小，但不知道这么显小。。。,"洗完纹身今天去换药
店里派了个没见过的大叔接待我
到的时候他正在跟别人打语音
听到他说“先挂了要给小朋友上药”
心里一惊心想难道不会是说我吧，先装没听见
	
结果边换药大叔就边拉起家常了
问我多大，看起来十几岁比他女儿还小点
我嗫嚅着说也不小了
他笑呵呵说趁暑假来洗纹身哈？
其实主包还有两个月就35了
	
以前也有人看错年龄
（好像就没有被看对过年龄）
但不至于这么夸张
他都说到女儿了，我不敢再说实话
不然万一他都没比我大多少，怪尴尬的
	
更尴尬的是
确实各方面都不符合实际年龄应有的情况
无论工作，婚育……
所以还是少惹话题上身为妙
就冒充一下叛逆青少年吧
	
ADHD的拖延症好像会蔓延到深深浅浅各方面
无论是每一天做事，还是人生维度上的进展
就算拥有深刻的认知，深邃的心思
但也只能在深交的情况下被人感知到
日常言行初始印象就不容易给人感觉成熟
	
但令我不解的是
不仅仅是动态的气质
包括静态的照片
也不会有那种很熟龄的感觉
问了GPT它给我一顿胡诌，并没有信服
	
#成人ADHD #ADHD #adhd #adhd症状 #拖延症 #intp #INTP #拖延 #大龄ADHD #成人adhd",2025-08-24,1376,516,580,4,1,5,0,0,0,0,1,0,0,0,0,0,0,0,0,0,0,1,0,1,0,1376.0,516.0,580.0,疑似患者/自述困扰者,第一人称亲历,患者生活经验/困境叙事类,0
100,ADHD温暖备忘录,你从小被夸乖，其实在硬扛内向型ADHD,"你有没有这样的经历：
从小被夸「很乖、很安静」，上课却经常发呆、作业拖到最后一刻；
别人眼里你是「省心小孩」，你自己知道，大脑从来没停过。
这很可能就是——内向型 ADHD。
	
大家以为的 ADHD，是那种坐不住、爱插话、总惹事的小朋友。
但内向型 ADHD 完全不一样： 坐得住、不捣乱、配合度很高，很少给别人添麻烦，
看上去只是「慢热、安静」，实际上脑子一直在超载运转。
	
你可能会对号入座这些画面：
看着老师，其实在神游；
别人刚说两句，你已经在脑内演完小剧场；
任务总是拖到最后一刻一口气搞完；
对别人语气、表情非常敏感，一点变化就要反复回想；
晚上明明很累，却停不下来自我反省和批评。
	
为什么总被当成「性格内向/太胆小」？
因为大人只看「乖不乖、惹不惹事」，
不看「大脑有多费力」；
成绩还可以，就自动被判定为「没问题」；
尤其是女生，被期待安静、懂事、体贴，
多一点情绪和需求，就会被说成「矫情、想太多」。
	
久而久之，内向型 ADHD 很容易变成：
外表温和懂事，内心却长期自责，
总怀疑「是不是只有我是这样」「是不是我有问题」。
	
如果你看到这里，觉得有点像自己，
请记住： 你不是在装乖，只是太习惯不添麻烦；
你不是太敏感，你的大脑本来就更敏感；
你不是不够努力，而是一直在超负荷地努力。
	
如果你马上想到一个人：从小被夸乖、成绩不差，
却总爱发呆、很少表达需求—— 把这篇发给 TA。
也许这是 TA 第一次看到：
有人认真在解释，「原来，我可以不再只被叫做乖」。
#内向的孩子 #讨好型人格 #性格内向者 #孩子性格内向 #内向高敏者 #容易陷入自我否定 #内向的力量 #自我认同感 #否定型人格 #远离反驳型人格",2025-11-28,1926,805,67,2,2,1,0,0,0,1,0,1,0,1,1,1,0,0,1,1,1,1,0,0,0,1926.0,805.0,67.0,心理咨询/心理科普账号,面向读者的科普/建议,症状共鸣/自我识别类,0
101,MOXO 注意力评估,‼️ADHD的冰山，你只看到了尖尖角🤌,"‼️注意力缺陷多动障碍（ADHD）
俗称“多动症”
这个被大众广泛知晓却又常常被误解的疾病
🪨如同冰山一般
其显露于水面上的部分
仅仅是其复杂面貌的一小部分🤌
	
👀我们常听到的
注意力不集中、多动、冲动
这些被大家认为是ADHD全部症状
其实只是冰山一角
是大众对ADHD的刻板印象
——大家眼中的ADHD
	
‼️而隐藏在水面之下
却潜藏着更为深远的影响和更广泛的症状表现
才是真正的ADHD——实际上的ADHD
	
🩷每周分享儿童与成人ADHD的实用知识！
关注我们，成长路上一起相伴~
	
#专注力培养 #孩子注意力不集中 #育儿干货",2024-09-13,178,203,2,6,2,2,0,0,0,0,0,0,0,0,0,0,0,1,0,0,0,0,0,0,1,178.0,203.0,2.0,商业/营销导向账号,面向读者的科普/建议,科普纠偏类,1
102,冈桑杰,adhd没有惹你们任何人,"adhd打瓦架枪老发呆怎么办。好无助，动起来精力就非常集中，只有一架枪就发呆。有没有什么办法解决一下？
#adhd #瓦罗兰特 #无畏契约 #集中注意力 #非正常人类 #虽然是神经病但没关系",4天前 德国,930,121,274,4,1,5,0,0,0,0,0,0,0,1,0,0,0,0,0,0,0,0,0,0,0,930.0,121.0,274.0,疑似患者/自述困扰者,第一人称亲历,患者生活经验/困境叙事类,0
103,soleil,ADHD能不能正常上小学其实在于智商,"我家小孩5岁9个月 幼儿园里一直不能正常学习或者集体活动  昨天带娃去医院测智商和专注力 智商是一对一的 需要排队半个多月 没有测上
专注力倒是测了 但是我个人觉得没有什么意义 因为题都是父母主观答的 任何一个人来回答那种问卷 结果都不可能是正常的
医生很忙 问诊的时间很短 看了那些报告说要结合智商一起才能有具体结论 一般如果智商没有明显偏低 虽然多动严重 也明年也可以正常上小学 但是如果智商偏低 医生建议我再推迟一年上学 她会给我开证明
其实对于孩子的问题 我早就麻木了 他只要身体健康不得大病 不要受很严重的伤 我就很满足了 至于学习啊 成才啊 我都无所谓
上图是医生给的日常管理表 我仔细看过觉得是有用的 但是我家孩子现阶段肯定没法做到 先分享给大家",2024-10-03,2028,2353,394,5,1,3,1,0,0,1,0,0,0,0,0,0,0,1,1,0,0,1,0,0,0,2028.0,2353.0,394.0,普通泛生活博主,第一人称亲历,确诊/就医流程类,1
104,东东心理,ADHD拖延vs普通拖延,"拖延有时候是因为你无意识地把任务构想得太大、太模糊。比如“找工作”在脑子里就变成：投简历、写简历、被他人拒绝、拍写真……把这些一堆的困难堆在一起，直接让你的大脑宕机了！
	
任何人面对困难的时候都会进入逃避模式！
#女性成长 #ADHD #adhd的自救 #成人ADHD #如何找到人生目标 #ADHD情绪",2025-11-09,59,31,评论,2,2,2,0,0,0,0,1,0,1,0,0,0,0,0,0,0,0,0,0,0,0,59.0,31.0,,心理咨询/心理科普账号,面向读者的科普/建议,科普纠偏类,0
105,李安童,💘ADHD的重复自我刺激行为,"当我们谈到神经非典型群体，包括自闭症谱系障碍（ASD）和注意力缺陷多动症（ADHD）等条件的个体时，他们常常有一些重复性自我刺激行为（Stimming）
自我刺激行为的例子可能包括：
✅制造重复的声音
✅拍手、摆动手、前后摇晃
✅长时间注视刺激物
✅自言自语
✅旋转跳跃寻求身体上的刺激
以下是一些可以帮助个体有效调节他们的感觉体验的技巧和策略：
1️⃣感官玩具/fidget玩具：这些玩具提供触觉刺激，帮助个体重新引导他们的感觉关注。
2️⃣运动休息：鼓励在需要持续注意力的任务或活动期间定期休息。
3️⃣练习深呼吸和放松技巧：教个体深呼吸练习和放松技巧，以帮助他们平静神经系统，减少焦虑。这些技巧可以作为在某些情况下自我刺激行为的替代应对机制。
#ADHD#ADHD成人注意力缺失症多动症 #专注力 #多动症ADHD #adhd科普 #原来我有ADHD #Adhd自救 #ADHD改善方案 #女性ADHD #adhd确诊#自我提升 #心理 #科普 #提升专注力#自闭症 #ADHD情绪 #情绪管理 #ADHD干预",2024-09-17,1719,878,168,2,2,6,0,1,1,0,0,0,0,0,0,0,0,0,0,0,0,0,0,0,0,1719.0,878.0,168.0,心理咨询/心理科普账号,面向读者的科普/建议,共病/鉴别诊断类,0
106,天晴不愁不烂漫,adhd与脑雾现象有一定关联性,"adhd与脑雾关系:
	
1、相似的注意力问题。adhd与脑雾都涉及注意力障碍问题;
	
2、相似的认知功能受损。ADHD患者常常报告有认知功能下降的问题，如记忆力减退和思维迟缓，与脑雾的症状类似;
	
3、疲劳和压力。疲劳和压力是脑雾的常见诱因，而adhd患者会因为长期的注意力障碍和多动症状而感到 惫和压力，导致加剧脑雾的症状;
	
4、药物副作用。有时，治疗adhd及其并发症的药物可能会加剧导致脑雾样症状。
	
什么是脑雾?
	
脑雾(BrainFog)是一种非医学术语，用来描述一种暂时性的认知功能障碍。患有脑雾的人通常会感到注意力不集中、思维迟缓、记忆力减退以及缺乏清晰的思考能力。
	
脑雾的常见症状
	
精神极度疲劳、思维缓慢、健忘一一不如说完全没有在记任何东西，很难集中于你正在做的事情或你周围发生的事情(不是因为你被其他事情分心，而是大脑力不从心)
	
身体活动缓慢
	
很难找到语言来表达自己
	
难以理解的、不连贯或混乱的想法
	
粗心的/奇怪的错误，比如没有做饭却开着炉子，或者把钥匙放在冰箱里
	
下一条讲成因跟改善方法。
	
#孩子注意力不集中 #adhd症状 #ADHD",2024-10-22,546,427,34,2,2,6,0,1,1,0,0,0,0,0,0,0,0,0,0,0,0,1,0,0,0,546.0,427.0,34.0,心理咨询/心理科普账号,面向读者的科普/建议,共病/鉴别诊断类,0
107,海盐小姐,好像很多infp都有ADHD,"INFP和ADHD之间，存在着许多相似的特质：
	
🧠 想要的太多，能做的太少；
	
🌀 注意力总被内心的旋风带跑；
	
⏰ 时间感混乱，要么发呆三小时，要么在deadline前疯狂爆发；
	
🔄 情绪、感觉、想法缠成一团，像毛线球堵在胸口；
📱 该专注时总想刷手机，该休息时反而开始焦虑。
	
当INFP遇上ADHD，就像一只感官全开、内心戏丰富，却行动迟缓的软体生物，活在一个讲究效率、节奏和输出的世界里。
	
从心理学上看，ADHD是一种神经发育差异，影响了一个人的注意力控制、冲动控制和动机驱动。
	
而INFP的主导认知功能是Fi（内向情感）和Ne（外向直觉）——高度内省、思维发散、情绪驱动，这本身就与ADHD的某些机制天然重合。
	
换句话说，INFP的“内在构造”，就容易出现注意力跳跃、行动启动困难、做事靠情绪推动的情况。
	
也许很多INFP并未被确诊为ADHD，但他们都真实地经历过这种状态：
	
“我不是懒，也不是不想努力，但我真的动不起来。不是不想，是不能。”
	
如果你也经常在“高敏感-混乱-拖延-爆发”中循环，
请记住，不是你不够好，也不是你不够自律。
你只是还没找到适合自己神经节奏的生活方式。",2025-11-20,59,31,5,5,2,7,0,0,0,0,0,0,0,1,0,1,0,0,0,0,0,0,0,1,0,59.0,31.0,5.0,普通泛生活博主,面向读者的科普/建议,身份认同/人格化/天赋化表达类,0
108,A娃werwer大叫,ADHD BINGO,"按着自己的人生写的。。。你们中了几个呢
	
[完啦R]#adhd #adhd症状 #成人ADHD #J人的生活 #对抗焦虑症 #中了几个[投票]#",2025-09-16,1684,345,520,4,1,1,0,0,0,0,0,0,0,0,1,1,0,0,0,0,0,0,1,0,0,1684.0,345.0,520.0,疑似患者/自述困扰者,第一人称亲历,症状共鸣/自我识别类,0
109,Fertile,因为你不是ADHD，所以你很难理解,"情绪洪流（Emotional Flooding）：情绪——如强烈的悲伤或愤怒——如同开闸泄洪一般瞬间淹没整个认知空间，导致个体暂时丧失换位思考与理性重估的能力。这一点在近十年的研究中才得以被重视，此前往往描述为复合抑郁或双相。
	
拒绝敏感性烦躁（Rejection Sensitive Dysphoria, RSD）：William Dodson描述为ADHDer对感知到的拒绝或批评的情绪反应强度远超神经典型人群，且这种反应极其猛烈。
	
情绪冲动性（Emotional Impulsivity）：对情绪刺激的反应过快过强，尚未经过认知评估就已经转化为行动。典型表现为非常直接，事后频繁后悔的言行。其本质是前额叶抑制控制的延迟。
	
奖赏缺陷综合征（Reward Deficiency Syndrome, RDS）：由Kenneth Blum描述为中脑边缘多巴胺奖赏通路功能低下，导致个体在正常日常活动中无法获得足够的奖赏信号，被迫通过各种高强度的刺激寻求行为（寻觅多巴胺）来补偿。这包括暴食，滥用，身体重复性行为（扣皮肤…）。
	
同时，还有延迟厌恶假说（Delay Aversion Hypothesis）：由Edmund Sonuga-Barke描述为动机异常不仅仅是奖赏感受减弱，更在于对延迟本身产生了一种厌恶性反应。等待的过程在患者大脑中被编码为一种负性情感状态。这解释了为什么ADHDer难以忍受长期反馈和无聊，同时它也在某种程度上强化了ADHDer对即时刺激的追寻，并激活了创造性。
	
当预期中的奖赏未能即时到来，ADHDer大脑产生的挫败信号远比神经典型人群强烈，因为延迟在其主观体验中被放大了，导致低挫折耐受力（Low Frustration Tolerance）
	
时间盲（Time Blindness）：ADHDer持续性地低估时间的流逝。其神经基础涉及内侧前额叶和基底节的多巴胺通路，这些结构本质上充当人体的内部时钟。因此，ADHDer很难遵守约定的时间，或判断当前时间，以及规律作息。
	
昼夜节律相位延迟（Circadian Phase Delay）：内源性褪黑素分泌峰值系统性地推迟约一个半小时，导致睡眠相位延迟（即晚睡晚起倾向）。
	
任务启动缺陷（Task Initiation Deficit）：从应该去做某事这一念头到实际启动行为之间，大脑无法生成足够的激活能量来跨越这一鸿沟。很多时候，这种拖延可以严重到连上厕所或洗澡等基本生理需求都被延误。
	
对立违抗性倾向（Oppositional Defiant Tendency）：前沿研究倾向于认为这种对抗性并非独立的障碍，而是ADHDer调节缺陷的直接下游表现。前额叶抑制不足以在情绪冲动和行为输出之间插入有效的缓冲区。",02-27 美国,8898,4231,662,2,2,1,0,0,1,0,0,1,0,1,0,1,0,0,0,0,0,1,0,0,0,8898.0,4231.0,662.0,心理咨询/心理科普账号,面向读者的科普/建议,症状共鸣/自我识别类,0
110,美国博士妈妈在硅谷,百分之99的人不知刘美贤居然是ADHD,"今天看到一篇美国的文章介绍，原来最近在美国大火 不论什么年龄层的美国人都很喜欢的华裔花样滑冰冠军 Alyss Liu刘美贤从小就被确认是ADHD（多动症）娃。
她经常无法完成作业，虽然学业不错。目前也在UCLA就读。
容易对做的事情丧失兴趣，情绪很容易高涨,容易注意力分散，被多巴胺支配。但是极富创造力和活力， 对喜欢的东西100%热情。
她是一个非常明显 让自己ADHD 特质助力自己成功，知道自己目标，有思想的女孩。同时极佳的心理健康状态！
#美国教育 #体育精神无国界 #ucla #冬奥会 #花样滑冰 #adhd #注意力分散 #奥运金牌#劉美賢 #竞技体育",02-23 美国,657,157,159,5,2,7,0,0,0,1,0,0,0,1,0,0,0,0,0,0,0,0,0,1,0,657.0,157.0,159.0,普通泛生活博主,面向读者的科普/建议,身份认同/人格化/天赋化表达类,0
111,李奶奶育儿,A娃的面部特征，真的超明显,"姐妹们！每天在诊室见几十波娃，我真的能秒 get 谁是 A 娃👶🏻 好多家长攥着报告问：“医生你咋一眼看出来的？” 其实秘密全在娃的 “小表情” 里！今天把压箱底的观察技巧分享给你们，早发现早引导，A 娃也能发光✨​
	
一、A 娃的「表情语言」太好认！​
❶ 眼神 “飘移” 比闪电还快​
普通娃对话能盯你 5-10 秒，A 娃最多 3 秒就 “离线”！可能你正说作业，他突然盯着窗外的鸟、墙上的贴纸，不是不礼貌，是大脑神经像堵车，注意力根本 “抓不住”🚗​
❷ 情绪切换堪比川剧变脸​
上一秒被批评还瘪嘴要哭，下一秒提 “玩游戏” 立刻眼睛亮成星星！别骂他 “没心没肺”，是冲动控制没跟上，面部肌肉比情绪先反应，根本藏不住情绪呀😭​
❸ 小动作多到停不下来​
说话时眨眼睛、咬嘴唇、皱鼻子，写作业时更明显！这些不是 “坏习惯”，是身体在帮他释放过剩精力，就像自带 “减压阀”，不动动浑身难受～​
	
二、这些「细节信号」别忽略！​
家长常说 “我家娃像装了马达”，其实静坐时更明显：​
✅ 舌头总舔牙齿、鼓腮帮、咧嘴，哪怕坐着不动，面部肌肉也在 “执勤”​
✅ 互动时突然 “放空”，眼神发直表情定格，这是注意力 “掉线” 了！课堂上超常见，不是故意走神哦～​
	
最后想跟家长说：​
A 娃的 “表情丰富” 从不是缺陷！​
奥运冠军菲尔普斯、乔布斯都是 ADHD，他们把 “多动” 变成了优势，秘诀就是早发现特质，用对引导方式💪​
	
ADHD 不是 “问题”，是大脑自带 “跑车模式”—— 普通车适合公路，跑车却需要专业赛道才能跑起来！而我们家长，就是帮娃建赛道的人呀❤️​
如果发现娃有这些表现，别焦虑别贴标签，及时找专业医生评估，科学引导 + 耐心陪伴，A 娃也能活出自己的精彩～
	
#上海 #注意力不集中 #专注力 #孩子注意力 #孩子注意力不集中 #注意力 #ADHD #提高专注力 #多动症",2025-09-11,17,5,2,2,2,1,1,0,0,0,0,0,0,1,1,0,0,0,1,0,0,1,1,0,0,17.0,5.0,2.0,心理咨询/心理科普账号,面向读者的科普/建议,症状共鸣/自我识别类,0
112,同济ADHD刘飞医生,ADHD只要解决这两件事，人生真的会开挂！,"大家好，我是上海同济医院ADHD门诊的刘飞。
	
各位宝子们！是不是总在「自卑和自负」间反复横跳🤹‍♀️？
明明有实力，却被自我认知模糊困住 —— 要么把任务想成大山⛰️不敢启动？
要么盲目自信动手就崩；更头疼的是缺乏反馈感知，做事总想一步登天🚀，越做越没动力？
其实这不是你的问题，是 ADHD 的特性在 “捣乱”！
	
今天就来划重点📝：只要解决「自我认知模糊」和「反馈机制缺失」两大难题❓，人生真的能开挂！
靠「外部大脑」🧠记录真实能力，用 AI 工具🤖拆解目标✂️、实时打气💪，就能摆脱内耗、稳步推进～
这里大飞哥会持续分享实用方法，还能互相安利好用工具、抱团取暖🤗！
不管你是正在迷茫😮‍💨还是已经找到窍门，都来一起成长，解锁属于 ADHD 的精彩人生呀！
#成人ADHD #ADHD刘飞 #adhd #我在小红书聊心理 #ADHD #adhd确诊 #集中注意力 #自我成长 #开挂人生 #AI助手",2025-12-08,291,264,11,1,2,2,0,1,0,0,1,0,1,1,0,0,0,0,0,0,0,1,0,1,0,291.0,264.0,11.0,医生/医院/专业机构,面向读者的科普/建议,科普纠偏类,0
113,丰川祥子的狗,智力太高真的会掩盖ADHD的病情发展,"对比了其他adhd患者的症状，简单列了一个发育史
✅一节课最多听五分钟，且背不下来课文
✅一旦碰到需要死记硬背的科目就会瞬间融化（然而大学却选了一个最需要死记硬背的专业，令人感叹）
✅做正事的时候一定会因为无聊而走神，必须一直有外部刺激才能维持工作状态，包括但不限于写论文时一直听歌/看直播/看🔞（划掉）
✅运动苦手 协调性更是不像正常人
✅人际关系非常拟人，大多数时候是没有感情的摸鱼机器，几乎不会主动找人社交所以关系好的人其实很少
✅很难维持长久的恋爱关系，虽然会因为外在条件吸引陌生异性，但只要稍微熟一点的人都会被恶劣性格劝退
✅性格极其恶劣（反复强调），拆团第一人
✅长相就很精神病
	
目前还能和正常人坐一桌只能说全靠智力撑着，战绩过于逆天以至于在大部分同学和老师嘴里居然是正面教材（
	
不过可能也正因为如此，无人关心精神状况，我也一直没有理解我不能专心学习的深层原因
	
只能说要是有同学的一半专注时长，现在应该已经成功考上心仪的大专了吧（悲）
#adhd #精神状态 #集中注意力 #创伤性人格 #注意力转移 #神奇的大脑 #注意力分散 #大脑可塑性 #精神病人的世界 #学习动力不足",2025-03-31,5235,1348,606,4,1,1,0,0,0,1,1,1,0,0,0,1,0,0,1,1,1,1,0,1,0,5235.0,1348.0,606.0,疑似患者/自述困扰者,第一人称亲历,症状共鸣/自我识别类,0
114,A娃生存指北,一张图解释一下ADHD的脑子,"感觉自己脑子就像一个聒噪的电脑桌面，里面永远都有无数的弹窗，永远都在想各种事情，永远都是很多线程同时并行，各种想法和情绪咚咚咚咚咚咚往外冒，控制不住的冒出来，永无止境
	
停
	
我跟那些念头说
	
停
	
然后下一秒: 诶话说停的繁体怎么写来着
	
#ADHD #注意力 #大脑",01-14,66,13,12,4,1,1,0,0,0,0,0,0,0,1,0,1,0,0,0,0,0,1,0,0,0,66.0,13.0,12.0,疑似患者/自述困扰者,第一人称亲历,症状共鸣/自我识别类,0
115,A Hack,ADHD：自由意志tmd并不存在,"说实话，我越来越无法忍受“你只是不够努力”这种说法。
很多人对心理或行为问题的理解还停留在“靠意志力就能克服”的层面，完全忽视了大脑本身就是一个器官，它也会“生病”“运转异常”。一个人注意力不集中、难以行动，不一定是懒，而可能是神经递质出了问题、前额叶调节功能异常——这些都是有明确生物学依据的事实。
	
但讽刺的是，社会从不会要求一个肾衰的人靠意志多排尿，却总要求一个ADHDer“自律起来”。
	
我支持 Robert Sapolsky 的观点：自由意志是幻觉。我们所有的想法和决定，都是大脑神经系统的产物。你以为是“你想做”，其实是你的大脑允许你去做；你做不到，不是因为不想，而是脑子根本不给通行证。
	
ADHD患者最痛苦的就是这种撕裂感：内心极度想做一件事，但身体就是启动不了。而社会不但不理解，还反过来羞辱，说你不努力、不负责、爱找借口。
	
我只想说一句：你不能要求一台损坏的机器运转如常，然后指责它“不够上进”。
#adhd #adhd科普 #成人多动症 #注意力缺陷 #RobertSapolsky #自由意志 #神经科学 #行为科学 #认知哲学",2025-07-04,3904,1869,222,5,1,2,0,0,0,0,0,0,0,0,0,1,0,0,0,0,0,0,0,0,0,3904.0,1869.0,222.0,普通泛生活博主,第一人称亲历,科普纠偏类,0
116,知惠素(心理),ADHD的常见的童年行为,"一个典型ADHD孩子的日常场景示例：
做作业时：
打开书包找作业本花了5分钟（组织能力差）。
写了2分钟数学题，开始玩橡皮（注意力不集中）。
听到客厅电视声音，马上跑出去看（容易分心）。
被叫回来后又开始写，但不断地晃动椅子、发出声音（多动）。
遇到一道难题，立刻变得非常烦躁，说“我不会！”，甚至撕掉作业纸（情绪冲动、逃避困难任务）。
整个过程需要家长全程在旁边督促，耗时极长。
#adhd #心理 #关注儿童成长 #多动",2025-09-08,482,306,86,2,2,1,0,0,0,1,0,0,0,1,1,0,0,0,1,0,0,1,0,0,0,482.0,306.0,86.0,心理咨询/心理科普账号,面向读者的科普/建议,症状共鸣/自我识别类,0
117,润杰-脑电生物,高中时期可能是一生中对ADD最不友好的时期,"ADHD是指注意力缺陷多动障碍（Attention-Deficit/Hyperactivity Disorder）的缩写。
它是一种常见的神经发展性疾病，通常在儿童时期开始，并可能持续到成年。
ADHD的主要症状包括注意力不集中、过度活跃和冲动行为。
	
ADHD有三种亚型：注意力不集中型（Inattentive Type）、多动冲动型（Hyperactive/Impulsive Type）和混合型（Combined Type）。
注意力不集中型（也称为ADD，即Attention-Deficit Disorder）主要表现为注意力不集中、易分心、健忘和组织能力差。
多动冲动型主要表现为过度活跃、坐立不安、冲动行为和难以控制的冲动。
	
混合型则是同时具有注意力不集中和多动冲动的特征。
	
在学校里，学生们应该安静地坐着，大部分时间被动地听，完成需要持续专注和努力的工作。
因此，患有多动症的青少年在学校面临长期的挑战，在高中毕业前辍学的风险高于平均水平也不足为奇了。
	
那当我们在高中时期，又应该如何管理好我们的ADD呢？
.
#ADHD  #多动症  #注意力缺陷多动障碍  #专注力  #ADD  #分心  #分心走神  #孩子教育  #注意力缺陷障碍  #高中  #高中生日常",2024-04-24,1482,533,19,2,2,2,0,0,0,1,0,0,0,0,0,0,0,0,1,0,1,1,0,0,0,1482.0,533.0,19.0,心理咨询/心理科普账号,面向读者的科普/建议,科普纠偏类,0
118,ADHD温暖备忘录,别人随手的“小事”，ADHD 真的像在爬珠峰,"是不是你？👇
❌ 微信红点不敢点，心里预演了5遍对话
❌ 想打个电话，盯着拨号键发呆20分钟
❌ 洗碗、倒垃圾，非要拖到睡前最后一秒 别人说：“这又不难，别矫情。” 你只想吼回去：“那你来当我这颗脑子试试？”
	
01 🏔️ 别人走台阶，你在爬雪山
对普通人，回消息是：看见 ➡ 想回 ➡ 发送✅
对 ADHD，这条路是： 看见 ➡ 分心 ➡ 紧张 ➡ 脑补对方生气 ➡ 想逃避 ➡ 拖延 ➡ 自责爆炸 ➡ 硬着头皮回一句😫
同一件事，你的大脑多经历了 5倍的关卡。
你不是懒，你是每一步都在负重登山。
	
02 🧠 为什么我们会这样？
这不是玄学，是脑科学：
1️⃣ 启动困难（Initiation Deficit）： 那个“从0到1”的开关，我们比别人生锈。
2️⃣ CPU 超载： 做件小事，你要同时拉回注意力+控制情绪+规划步骤。普通人CPU用20%，你直接飙到90%。
3️⃣ 社交敏感（RSD）： 把“回消息”当成“会不会被讨厌”的考试，大脑本能想逃。
	
03 🛠️ 别逼自己“顺手”，要学会“降级”
既然在爬山，就换套爬山策略：
✅ 降低颗粒度： 不想“回完所有”，只暗示自己“先回这一条”。
✅ 仪式化开局： 倒杯水+戴耳机+只做5分钟。
✅ 允许“半吊子”： 把“完美回复”降级为“先发个表情包”。
先动起来，就赢了。
	
🌟 写在最后
看见那座山，是跨越它的第一步。
别再因为做不好小事骂自己废了。
我们需要的不是意志力，而是适合这颗大脑的说明书。
	
👉 如果你想知道具体的拆解任务流程和低阻力执行法，
我在《ADHD 觉醒与重塑手册：从“失控”到“顺流”的生存指南》里把这些场景都拆碎了讲给你听。
我们一起，把那座山变成可以慢慢走的坡。🌱
#ADHD  #成人ADHD  #拖延症  #精神内耗 #高敏感  #心理学  #自我成长 #成人 #专注力不集中 #孩子做事拖拉",2025-12-11,822,555,31,2,2,5,0,0,0,0,0,1,1,1,1,1,0,0,0,0,0,1,0,0,0,822.0,555.0,31.0,心理咨询/心理科普账号,面向读者的科普/建议,患者生活经验/困境叙事类,0
119,一个普通人-,食伤过重 容易adhd注意力缺陷 想法多难落地,"八字食伤重 尤其木火食伤容易adhd注意力缺陷症
尤其木火食伤 我甲木 八字里火太多 从小就是注意力缺陷 想的多 天马行空 想法难落地
在走印流年的时候会专注好点 学习会改善 但过后又恢复原样 哪里有那么多智商代偿 大部分adhd都成绩一般 上不了好学校 以下ai资料#注意力分散
	
· 食伤过旺时，就像一台功率过大但刹车失灵的发动机：
· 思维跳跃（多动）： 脑子里念头一个接一个，无法停止。外人看起来是“坐不住”、“注意力不集中”，自己感受到的是“脑子太吵，无法专注于一件事”。
· 冲动（冲动控制）： 伤官旺的人讲究即时满足，想到什么说什么，想做什么立刻就要做，缺乏耐心和延迟满足的能力。
· 厌旧（寻求刺激）： 食伤代表新鲜感。当一件事失去了新奇感，食伤旺的人会立刻感到厌倦、无聊，需要寻找新的刺激点，这与ADHD患者对新事物短暂兴奋、迅速厌倦的特征非常吻合。
· 情绪敏感（情绪失调）： 食伤也主情绪。旺而无制时，情绪起伏极大，容易因一点小事兴奋，也容易因一点小事陷入低落或暴躁，这与ADHD常见的情绪调节困难（RSD，拒绝敏感焦虑）很相似。
	
#八字命理 #adhd#注意力缺陷",3天前 北京,94,35,67,5,2,7,0,0,0,1,0,0,0,0,0,0,0,0,1,0,1,1,1,1,0,94.0,35.0,67.0,普通泛生活博主,面向读者的科普/建议,身份认同/人格化/天赋化表达类,0
120,小白导游,哈哈有心得了,我发现我的软件图标不能按照正常分类排，就近组合也不行，我用的最舒服的组合是，颜色组合，也就是橙色必须跟橙色放在一起，绿色跟绿色放在一起，我想图标位置不会去找相关文件夹，而是大脑一个概念，在日常生活也是这样，要不然就是随机组合，但是这个组合实际上对我来说是非常有逻辑的，只是别人看不懂#adhd,2025-07-09,1286,111,2008,4,1,5,0,0,0,0,0,0,1,0,0,1,0,0,0,0,0,1,0,0,0,1286.0,111.0,2008.0,疑似患者/自述困扰者,第一人称亲历,患者生活经验/困境叙事类,0
121,小透明豆,记录第一次吃ADHD药（上）,"不知道会不会被限，也不想让大家自己乱试，所以尽量没提到这个词本身，遵医嘱！
	
#adhd #即使我们成为大人",02-16 加拿大,5447,1768,385,3,1,4,0,1,0,0,0,0,0,0,0,0,1,0,0,0,0,0,0,0,0,5447.0,1768.0,385.0,患者/确诊者本人,第一人称亲历,药物/治疗体验类,1
122,Helen博士谈育儿,ADHD女孩-她们需要被看见（附自测表）,"我在门诊中常遇到ADHD女孩被误诊为焦虑或抑郁，有些到初中甚zhi更晚才被发现。
-
✨ 女孩 ADHD 的隐藏特征
✅ 走神但安静，课堂上常常发呆，注意力难集中。
✅ 焦虑、自责，努力却无法达到预期效果。
✅ 社交困扰，难以维持友谊，容易被忽略或误解。
✅ wan美主义，考前熬夜复xi仍不自信。
✅ 情绪敏感，易因小事崩溃，甚zhi出现自残行为。
症状不像ADHD 男孩那样明显，女孩更容易被误解为“懒惰”“情绪化”。
-
✨ ADHD 女孩面临的挑战
⚡ 学业压力：中学后学xi难度加大，难以跟上节奏。
⚡ 自尊心受损：长期失败让她们失去信心，常自我怀疑。
⚡ 高风险行为：ADHD 女xing的自我shang害风险比同龄人高 3-4 倍！
-
✨ 为什么 ADHD 在女孩身上容易被忽视？
✅更安静，不易察觉，不像男孩那样多动，更多表现为心不在焉。
✅过度补偿，用wan美主义掩盖注意力问题。
✅ 社交压力更大，努力“伪装”自己取悦他人。
✅文化期望，女孩被要求“听话”“细心”，症状易被忽略。
许多女孩直到上大学或进入职场才被确诊，但此时她们已因长期压力发展出焦虑、抑郁等情绪问题。
-
✨如何帮助 ADHD 女孩？
✅ 正确诊断：家长和老师需关zhu她们的注意力、情绪和社交困扰。
✅ 发挥优势：ADHD 女孩通常富有创造力，需找到适合的学xi方式。
✅ 心理支持：认知行为治liao和社交技能训练有助于减少焦虑。
✅ 必要时考虑yao物：若 ADHD 影响生活质量，yao物可帮助改善学xi和社交能力。
-
✨ ADHD 女孩自测表（回答“是”或“否”）
1️⃣ 我经常想哭，但不知道为什么。
2️⃣ 我经常感到胃疼或头疼。
3️⃣ 我害怕课堂上被点名，因为我常走神。
4️⃣ 我不知道如何加入一qun孩子的谈话。
5️⃣ 当我不理解老师的要求时，我会感到尴尬。
6️⃣ 我经常感到被排斥。
7️⃣ 即使有话要说，我也不敢举手发言。
8️⃣ 我经常感到焦虑。
9️⃣ 其他孩子有时不喜欢我，但我不知道原因。
🔟 我比其他孩子更容易生气，情绪变化大。
❗ 若 5 题以上回答“是”，建议进一步评估 ADHD，并关zhu情绪健康。
-
💖让 ADHD 女孩被看见、被理解、被支持！
💡ADHD 不是懒惰，而是一种被误解的神经多样xing。
获得正确支持的她们，可以成为you秀的创造者、共情者和ling导者！
﻿#ADHD﻿ ﻿#ADHD女孩﻿ ﻿#adhd诊断﻿ ﻿#ADHD自测",2025-03-23,113,42,3,1,2,1,0,0,1,1,0,1,0,1,1,0,0,0,1,1,1,1,0,0,0,113.0,42.0,3.0,医生/医院/专业机构,面向读者的科普/建议,症状共鸣/自我识别类,0
123,坐不住的小A,ADHD女性自救圣经💝,"近年来写adhd的书并不少，我看过一些但是很推荐这本，因为这本书专为""高功能ADHD女性""写的，不是关注最多的儿童多动，而是聚焦存在于成年女性生活方方面面的困扰。比如同款衣服反复购买，开会时微笑点头，实际一个字没听进去深夜焦虑性刷手机，白天靠咖啡续命被说""聪明但不稳定""""潜力没发挥""。 因为作者本人就是ADHD+持证教练，不是理论派，是活出来的经验，每一句话都像在我头上装了监控😅
	
💡【3个改写人生的核心观点】
【观点1：ADHD女性是""伪装大师""】
""我们用200%的精力维持表面正常，回家直接崩溃""我的案例：上周部门汇报，我提前3天准备 现场流利讲完，被夸""状态很好"" 没人知道我在汇报前10分钟还在厕所深呼吸防崩溃 没人知道我回家躺了2小时才缓过来[扶额R]
✅ 停止""全或无""表演，允许自己""80分交付""
✅ 建立""能量预算""，高耗能任务后必须安排恢复时间
	
【观点2：我们的""缺点""是未匹配的环境】
""ADHD大脑是F1赛车，你一直在用它送外卖""
传统办公室坐班 = 慢性折磨， 但做项目制咨询时，我可以连续工作12小时不吃不喝，产出极高 ✅ 识别自己的""超专注触发器""（我的：截止日期+公开承诺+新鲜感）
✅ 主动设计工作节奏，而非硬套标准模板
	
【观点3：激素波动放大ADHD症状】
""经期前一周，你的药可能像吃了假药""我的案例： 以前每月总有几天觉得""药物失效了"" 怀疑自己耐药、焦虑加量 原来是黄体期雌激素下降，多巴胺受体直接减少30%
✅ 追踪周期，在低谷期降低任务难度
✅ 与医生讨论周期性激素敏感调整方案
	
💬【最后】
这本书不是让你""治愈""ADHD ，而是让你爱上自己的神经多样性大脑。
Tracy说：""我们不是 broken，只是 different wiring"" 。
#ADHD #ADHD女性 #读书笔记 #神经多样性 #自我接纳 #TracyOtsuka",昨天 23:41 上海,80,78,评论,4,1,5,0,0,0,0,1,0,1,1,0,1,0,0,0,0,0,1,0,0,0,80.0,78.0,,疑似患者/自述困扰者,第一人称亲历,患者生活经验/困境叙事类,0
124,尾牙,ADHD就这样化解恶意,"母：我明明说了东西不要这样放，为什么非要这样放，把东西都压坏了，你一天就是想气死我#大惊小怪
父：我明明不是这样放的，你自己乱动了吧，别又跟上回一样赖我头上#暗度陈仓
母：你说的对，什么都是我错了，都是我想陷害你#以退为进
父：我发现你一天天总想跟我找架吵，没事找事呢#顾左右而言他
母：（不说话，只是愤愤地瞪着父的背影喘气
注：母做了睫毛嫁接，瞪人效果大打折扣
我：（只是在屋里静静边看剧边玩Pc游戏#人在床上躺祸从天上来
母：你和你那个爹一个德行，都让我失望#移花接木
我：你们俩吵架的时候鼻孔一直在动
#ADHD #NPD",02-12 吉林,8335,538,647,4,1,5,0,0,0,0,0,1,0,0,0,1,0,0,0,0,0,1,0,0,0,8335.0,538.0,647.0,疑似患者/自述困扰者,第一人称亲历,患者生活经验/困境叙事类,0
125,木苗心理,女性ADHD的五种隐性困境,"在传统的认知中，多动症（ADHD）常与“躁动”“无法安静”的男孩形象绑定，但这种刻板印象让女性的ADHD症状长期被掩盖，成为一场无声的生存战争。
女性的症状可能没有外显的“多动”，却深陷注意力涣散、情绪失控和自我否定的泥潭。
	
研究表明，女性ADHD患者的确诊年龄平均比男性晚6-11年，而漏诊率高达50%以上。这种困境的背后，是性别规范、医学偏见与社会期待的复杂交织。
	
一、当性别规范成为“症状面具”
社会对女性“温柔、细致、善于自控”的期待，迫使许多女孩从小戴上“完美面具”。男孩的ADHD症状可能表现为课堂上坐不住、打断他人说话，而女孩则会将同样的神经发育差异转化为：
	
隐蔽的多动：不停转笔、抖腿、整理头发，或用“话痨”掩盖思维跳跃；
	
内化的注意力缺陷：看似安静地盯着黑板，实则思绪早已飘向九霄云外；
	
情绪过山车：前一秒因朋友无心之言崩溃，下一秒又为自己的失控感到羞耻。
	
一个典型场景是：当男孩因作业潦草被批评“粗心”时，女孩可能因同样的问题被贴上“态度不端正”的标签。这种差异导致女性更倾向于自我归因——“一定是我太懒/太笨”。
	
二、被误诊的青春：当医学遇上性别偏见
	
过去30年的ADHD诊断标准几乎是为男孩量身定制。这直接导致女性面临三重困境：
	
症状被误读：注意力涣散被归咎于“青春期叛逆”，而长期疲惫则被视为“贫血”或“甲状腺问题”；
	
代偿行为的欺骗性：许多女性发展出过度补偿策略——用通宵准备会议掩盖注意力缺陷，用讨好型人格掩饰社交冲动，这些“表面正常”反而成为确诊阻碍；
	
成年后的诊断冲击：许多女性直到孩子确诊ADHD，才意识到自己可能同样患病，这种延迟诊断不仅让她们错失早期干预的机会，还可能引发严重的心理健康问题，如自毁倾向或慢性压力。
	
三、女性ADHD的五种隐形困境
	
（写不下了，此处省略2000字，详情请左滑上面的图文，有非常详细的分析）
（写不下了，此处省略2000字，详情请左滑上面的图文，有非常详细的分析）
	
多动：
	
注意力不集中：
	
冲动
	
内化的情绪失调
	
「超人模式」
	
感谢阅读，我是木苗，专注女性困境的心理师。
﻿#ADHD﻿ ﻿#adhd﻿ ﻿#adhd诊断﻿ ﻿#女性ADHD﻿ ﻿#adhd女性",2025-02-22,4270,1839,179,2,2,2,0,0,0,0,0,0,0,1,0,0,0,0,1,0,1,1,0,0,0,4270.0,1839.0,179.0,心理咨询/心理科普账号,面向读者的科普/建议,科普纠偏类,0
126,野生大A圆,当我告诉男友我有ADHD，但他不觉得这是病,"当我告诉男友，我被确诊了ADHD时，坦白说，我内心是期待的反应是“同情”——期待他能理解我过去的挣扎、不适应和痛苦，期待他能说：“原来这一切都不是你的错，是你的基因决定的。”
	
但他的反应完全出乎我的意料。他说：“ADHD不是病。”
	
听到这句话的瞬间，我其实是有些生气的。为什么他不愿意承认这是一种“病”？因为对我来说，“病”意味着一种解释，意味着我所有的与众不同都有了合理的理由。我需要这种承认，因为它能让我感到被理解、被接纳。
	
但他接着解释道，因为他觉得ADHD不是病，而是一种天赋。我的多线处理能力、快速反应和旺盛的精力，对他来说都是难以企及的能力。我总是能同时处理很多事情，而他却只能一件一件来。我的创造力也让他惊叹，总能想到他想不到的点子。
	
这番话让我开始重新审视自己。或许，ADHD并不是一种需要被“修正”的缺陷，而是一种独特的认知方式。它让我在某些方面与普通人不同，但这种不同并不一定是负面的。
	
在主流社会认知中，ADHD常常被贴上“注意力缺陷”“多动症”等标签，仿佛它是一种需要被治疗的“问题”。这种观念让我们很容易陷入自我否定，认为自己是“不够好”的。但事实上，ADHD只是大脑运作方式的一种变体，它带来了挑战，也带来了独特的优势。
	
我意识到，ADHD并不是一种需要被“治愈”的病，而是一种独特的认知方式。它让我与众不同，也让我拥有普通人难以企及的能力。 比如我对世界充满好奇，总是愿意尝试新事物。这种精力让我在探索未知时充满动力。
	
所以如果你也有ADHD，请不要把自己定义为“有问题”的人。你的大脑只是以另一种方式运作，而这种运作方式，正是你独特价值的来源。
	
#ADHD #自我接纳 #认知差异 #心理健康 #天赋 #情侣对话 #人生的意义",2025-03-17,298,111,113,3,1,7,1,0,0,0,0,1,0,1,0,1,0,0,0,0,0,0,0,1,0,298.0,111.0,113.0,患者/确诊者本人,第一人称亲历,身份认同/人格化/天赋化表达类,0
127,TekeiCC,专属于ADHD的规则类怪谈,#规则感建立 #注意力分散 #注意力 #ADHD #ENFP,02-27 德国,2817,2008,90,5,2,9,0,0,0,0,0,0,0,0,0,0,0,0,0,0,0,0,0,0,0,2817.0,2008.0,90.0,普通泛生活博主,面向读者的科普/建议,无法判断,0
128,银河妈妈学习中,我是怎么发现儿子是ADHD的。,"👉起因：幼儿园上小班后一个月，老师说我们小朋友不一样，建议去看行为发育科。
当时我不以为意。因为我们学东西很快。平时和别人家的小朋友比感觉要聪明一些。
👉然后到了小班下学期，给他报了围棋课，围棋课是需要家长旁听，一起学的。
👉然后我发现，他真的和别的小朋友不一样。
❎他根本坐不住，一分钟也不行，小屁股不断地扭来扭去，有时候站起来，有时候蹲下。
❎他的小脑袋总是冲着别的小朋友，看别的小朋友的脸。
❎老师讲课会插话，会唱歌。
❎老师警告了之后依然无效。被打手心，小脸上只会难过几秒，马上调整到开心状态。 （老师会觉得孩子没有羞耻心）
👉 和围棋老师沟通，老师就说孩子很聪明，明明看着没听，题目都做的出来。就是太皮了。
👉 我就回家和孩子沟通，小朋友完全能认识到自己的问题。经常去上课之前，会主动和我说妈妈今天我一定不乱动，让老师表扬我。（他讲话的语气和神态，绝对不是假的。他很真诚，看得出他是想做到的。）
  
现实却很残酷，他根本做不到。下了课，他虽然还是笑笑的，但是我知道他会对自己很失望。
他和我说他控制不住自己···
●●●●●●●●●●●
于是我想起了幼儿园老师对我的提醒，我在网上查资料，发现几乎所有 ADHD 的症状都是对得上
❎ 叫不应，像洗澡、刷牙、吃饭。他听到我们在叫他，但是他不启动。
❎ 很容易发脾气，情绪不稳定。
❎ 入睡困难，平均每天1个小时才能入睡。
❎ 好动，基本整天都停不下来。
❎ 教知识的时候，无法集中注意力，东张西望。
❎ 畏难，稍微难一些的事情，他就说太难了，不愿意做。
❎ 对自己爱玩的喜欢的东西，能专注玩很久。
❎ 说他不感兴趣的话，他不与人直视。
于是，我赶紧抢了一个最近的多动症门诊号。抱着万一不是的心态，被确诊了。
🧷图片1：上篮球课，其实已经很明显了。
🧷图片2：因为要和别的小朋友讲话，每节课都是拎出来坐在老师边上
#ADHD儿童    #adhd确诊    #多动症儿童ADHD    #adhd症状    #ADHD的日常    #ADHD情绪",2024-08-09,2287,2085,3556,5,1,3,1,0,0,1,0,1,0,1,0,0,0,1,1,1,0,1,0,0,0,2287.0,2085.0,3556.0,普通泛生活博主,第一人称亲历,确诊/就医流程类,1
129,阿加莎乱想,为什么大家都不提adhd的天赋,"因为需要新鲜和刺激，所以思维很发散，创造力强。所以生活更丰富更有生命力，能够多线处理事情效率很高。洞察力高，更容易透过现象看本质。
虽然短板很显然，但也可以让长板更长。
上帝当然会开窗
#adhd #adhd科普 #adhd成人多动症",2024-10-16,1066,447,257,4,2,7,0,0,0,0,0,0,0,0,0,1,0,0,0,0,0,0,0,1,0,1066.0,447.0,257.0,疑似患者/自述困扰者,面向读者的科普/建议,身份认同/人格化/天赋化表达类,0
130,会忘记的时光碎片,adhd:刚刚突然get到一个做事高效率的好方法,"小红书账号里有70多条玩游戏转发的分享，笔记要一条条手动删除，很麻烦。
我很抵触做这件事。
做的时候，突然念头一转:我要挑战，5分钟内把70多条笔记删除！
然后我一边盯着时间一边做这个任务，只花了2分种就把这件事做完了。
特别爽！
对于adhd来说，很喜欢有及时反馈和突然来的限时任务。
大家可以试试。
10分钟把饭吃完，10分钟把澡洗完。
一个小时候内要看10篇稿子。
……
【关键点】做的时候盯着时间。
adhd时间感知能力弱，盯着时间做事非常适合。
而且手机调出时间模式的时候，我们不会被手机上的其他信息给打扰。
只需要一边看时间，一边做事。
#ADHD
#学习效率",2025-11-14,3150,1876,199,4,2,5,0,0,0,0,1,0,1,0,0,0,0,0,0,0,0,1,0,0,0,3150.0,1876.0,199.0,疑似患者/自述困扰者,面向读者的科普/建议,患者生活经验/困境叙事类,0
131,小透明豆,第一次尝试ADHD药物（终）,"我已停药，仅此而已～
#与焦虑对抗 #ADHD #拖延症 #注意力集中",3天前 加拿大,1695,615,188,3,1,4,0,1,0,0,0,0,0,0,0,0,0,0,0,0,0,0,0,0,0,1695.0,615.0,188.0,患者/确诊者本人,第一人称亲历,药物/治疗体验类,0
132,早睡觉觉,已确诊成人女生ADHD成长史（注意力缺陷型）,"一直以为所有小孩和我一样
#注意力分散 #专注力不集中 #分散注意力 #对抗焦虑症 #集中注意力 #注意力训练 #注意力 #ADHD#ADHD症状 #ADHD的日常",2025-10-04,690,274,47,3,1,5,1,0,0,0,0,0,0,0,0,0,0,0,1,0,1,0,0,0,0,690.0,274.0,47.0,患者/确诊者本人,第一人称亲历,患者生活经验/困境叙事类,0
133,想吃玉米烙,🇨🇦留学ADHD测评｜用两天打消怀疑和困惑,"来UBC上学后，经常在各种地方看到mental health的科普，关于ADHD的尤其多。我是一个偶尔也会分心、偶尔也会把作业拖到最后一刻的人，开始忍不住想：我不会也是吧？
	
💭我好奇好久了，也经常在互联网上给自己“赛博确诊”，最后找了FasTreat的远程测评。
预约不复杂（图2-4），而且我没想到最近这几天都能约，我约了个周末时间和大白视频聊。
	
面诊过程比想象中舒服，不是那种冷冰冰的你问我答，更像是在梳理自己这些年的习惯——什么时候容易走神，什么情况下拖延最严重。
	
面诊一个多小时，结束后当天就拿到了我的专属诊断报告。结论是：不符合ADHD诊断。我这种“偶尔分心+拖延”更偏向压力状态下的执行功能波动，不是神经发育层面的障碍。
	
想起在面诊的最后👩‍⚕️分享了不少小建议。我试着在midterm季调整了一下，确实比之前得心应手很多。
	
我分享这些是想说，如果你也在学校看到过那些宣传，也偶尔怀疑过自己，不如直接去确认一下。关于我们的mental health，其实最怕的就是两种心态了：一种是觉得“肯定没事”所以不管，二是觉得“肯定有事”所以不敢管～（我之前就是这种情况）
	
测评是让自己安心的一种方式。知道自己没什么问题，反而能更专注地面对眼前的due～
	
#加拿大留学生 #UBC #adhd #加拿大生活 #留子精神状态 #adhd症状 #自我管理 #ddl #ADHD症状",昨天 14:23 加拿大,13,3,6,4,1,3,1,0,0,1,0,0,0,0,0,0,1,1,0,0,0,1,0,0,1,13.0,3.0,6.0,疑似患者/自述困扰者,第一人称亲历,确诊/就医流程类,1
134,是车厘呀🥕,fake or real？ 你觉得adhd都有哪些症状？,"这些与你共鸣吗?
人们经常将ADHD简化为“古怪”或“容易分心”，但它会以影响我们生活中最亲密部分的方式表现出来，远没有表面如此简单！
	
图片来自外w的博主分享
	
#注意力分散 #专注力不集中 #大脑 #adhd阅读 #adhd #adhd症状 #adhd科普 #ADHD",2025-04-26,1019,259,166,5,2,1,0,0,0,0,0,0,0,0,1,1,0,0,0,0,0,0,0,0,0,1019.0,259.0,166.0,普通泛生活博主,面向读者的科普/建议,症状共鸣/自我识别类,0
135,小k,新疆有可以检查adhd的医院吗,想带我11岁的妹妹看看adhd，因为她现在正准备考小升初，她的很多行为我觉得都能和adhd的症状对应上，且对于她这些有些时候无法控制的行为能感觉她十分内耗，想要早点带她去看看，但是因为我刚入职不久假期不多，只能先就近考虑，所以来问问有没有懂的网友#注意力分散 #adhd,2025-11-07,2,5,14,5,1,3,1,0,0,1,0,0,0,1,0,0,0,1,1,0,0,1,0,0,0,2.0,5.0,14.0,普通泛生活博主,第一人称亲历,确诊/就医流程类,1
136,同济ADHD刘飞医生,ADHD医生答疑bot开张了！欢迎入住！,"各位宝子，大家好啊！我是你们的大飞哥，目前在上海同济医院 ADHD 出诊！🏥​
今天跟大家说一个好消息！
	
就是大飞的 ADHD医生答疑 Bot 正式开张了！🎊
	
欢迎来到独属于我们的秘密基地！
在这里大家可以投稿📩任何可以帮助自己 / 他人  ADHDer 友好的生活方式和小妙招、小 tips、好物、建议、甚至是你在 ADHD 方面的邪修或者你 ADHD 方面有什么困扰和问题等等～​统统都可以在这里分享～💬​
投稿方式：以图片/ 文字的方式后台📧大飞哥即可 ！​
	
关于内容方面：
🚫暴力、侮辱、人身攻击、垃圾广告等原则性内容除此之外，我们会进行最小限度进行审稿✅，最大程度为你保留想分享的内容与想法​
同时能够允许之后将你内容或想法发布到同济 ADHD 刘飞医生这个账号上，我们会最大程度保护您的隐私问题！🔒​
	
大飞哥精力有限，会根据投稿内容或问题进行定期回复，谢谢大家的理解！🙏​
	
让飞哥陪各位宝子们看见自己独特的光芒，在这里与真实的自己温柔相拥，一起打造一个不需要伪装的空间，勇敢的做自己爱自己！可以在这里找到归属感！❤️​
	
欢迎来到大飞哥的 ADHD  Bot秘密基地～🎉🔒
#ADHD  #我在小红书聊心理 #adhd确诊 #成人ADHD   #新开张bot#bot #adhd #adhd自救 #adha症状 #新bot",2025-12-09,,收藏,评论,1,2,2,0,0,0,0,0,0,0,0,0,0,0,0,0,0,0,0,0,0,1,,,,医生/医院/专业机构,面向读者的科普/建议,科普纠偏类,0
137,Sieben,突然意识到成人ADHD,"尤其是高智商代偿的，幼年期没被发现，是因为很多家长以成绩好坏判断孩子的脑子是否健康。
高智商代偿往往被认为是性格调皮活泼好动，跳跃性的思维被美化成“思维敏捷”，因为他们往往能在考试中取得非常好的成绩，父母便觉得其他的小缺点都是正常的，从而错失了幼年干预的机会，等到成年后往往是因为衍生的焦虑、抑郁等问题才被发现。
#成人ADHD #注意缺陷多动障碍",2024-08-20,2158,1091,368,4,2,1,0,0,1,1,0,0,0,0,0,0,0,0,1,0,1,1,0,1,0,2158.0,1091.0,368.0,疑似患者/自述困扰者,面向读者的科普/建议,症状共鸣/自我识别类,0
138,晚上好,我没招了吧。。。,咋ADHD和ASD共患的概率大，什么。是这样的，怀疑自己有ADHD而且副作用焦虑太影响学习了，我说要去确诊一下至少要整顿一下我的睡眠，然后在青衫做了好多量表如后图，本来只怀疑自己有ADHD的，啊啊啊啊结果高功能孤独症谱系障碍值有那么高。我还怀疑我BPD呢结果BPD只有2，哎呦我，如果真共患我真的会原谅自己的，原来我不是蠢笨只是脑子和别人不一样。。。#adhd #ADHD #成人ADHD #孤独症谱系障碍  #adhd和asd共患 #自闭症谱系,2025-10-17,62,31,73,4,1,6,0,0,1,1,0,0,0,1,0,1,0,1,0,0,0,1,0,1,0,62.0,31.0,73.0,疑似患者/自述困扰者,第一人称亲历,共病/鉴别诊断类,1
139,GrapeVine思维藤蔓（ADHD）,没有这些特点，就不要去看成人ADHD了！,"ADHD的确诊金标准，我来告诉你！
	
#注意力分散 #集中注意力 #专注力不集中 #注意力 #关注精神心理健康 #青少年心理 #精神状态 #ADHD #专注达",2025-09-25,712,370,187,3,2,2,1,0,0,0,0,0,0,0,0,0,1,1,0,0,0,0,0,0,0,712.0,370.0,187.0,患者/确诊者本人,面向读者的科普/建议,科普纠偏类,1
140,大豆老师,多动症VS自闭症VS阿斯伯格如何区分？,#多动症﻿ ﻿#自闭症﻿ ﻿#阿斯伯格﻿ ﻿#特殊儿童,2025-06-17,911,572,59,2,2,6,0,0,1,0,0,0,0,0,0,0,0,0,0,0,0,0,0,0,0,911.0,572.0,59.0,心理咨询/心理科普账号,面向读者的科普/建议,共病/鉴别诊断类,0
141,反内耗美少女,恍然大悟了…,"纯自我诊断了，不是严谨的论证！
我对数字很不敏感，学东西也是要理解原理才能记住，加上小时候家里氛围不好很敏感，导致前期总是显得比别人慢
	
在不熟悉的环境会很焦虑，注意力都在观察别人的情绪上，根本没法安心吸收知识，我要等没有人打扰的情况下再慢慢消化理解。在没有压力的环境下，学自己感兴趣的东西会很快，但是入门后就很难学精
	
问ai说前期收集资料需要比别人更多的时间。
可是一些很简单的事情我都学得很慢。有一阵特别焦虑去网上看大众🔮，说我是大器晚成，虽然给我一些心理安慰吧，但是我还是无法想象到底是什么样的契机。
	
晚上突然刷到一条关于adhd开智的帖子，说因为前额叶发展比别人慢，我就瞬间接受了这个说法！如果是这样那确实可以解释“后期人格”，而且前额叶还会受情绪影响，越是焦虑紧张就越无法集中注意力。
	
所以我决定最近先研究一下怎么激活前额叶区。第一步就是先保证充足睡眠。
	
晚安啦！大家。#INTP",01-20,157,72,8,4,1,6,0,0,1,1,0,0,0,1,0,0,0,0,1,0,1,1,0,0,0,157.0,72.0,8.0,疑似患者/自述困扰者,第一人称亲历,共病/鉴别诊断类,0
142,HeyaFiona,突然理解了为啥很多trader都是ADHD……,"无意中刷到同行的post，图2&3 credit to @-XXXXC-
突然发现以前一直没有搞明白过ADHD到底是这么
原来这些ADHD的症状我好像都有……
	
短期记忆力差✔️
注意力不集中✔️
思维天马行空✔️
脾气急躁没有耐心✔️
	
是时候去做个正儿八经的test了
	
#trader #adhd症状 #伦敦金融城 #hedgefund #开工大吉 #节后综合症自救指南 #留在牌桌上",2025-02-15,1816,878,134,4,1,1,0,0,0,0,1,0,0,1,1,0,0,1,0,0,0,1,0,0,0,1816.0,878.0,134.0,疑似患者/自述困扰者,第一人称亲历,症状共鸣/自我识别类,1
143,ADHD 猫住！,ADHD 一些日常 be like （第一弹）,"1.经常迟到，就算是提前规划了也很容易因为磨蹭或其他原因而迟到，本质上对时间感知度不强。
	
2.表达能力很差，过度追求信息输出时的完整度，导致最后说的一团乱，自己忘了说到哪里，对方听得一头雾水。词语经常用不准确，感觉不像母语者。
	
3.记性很差，放假回来不记得放假前的工作进度或学习进度，仿佛失忆。
	
4.拖延症晚期患者，憋尿憋屎，工作不到 ddl 无法提交，往往是最后期限的半个小时内疯狂做，最后惊险提交。
	
5.容易上瘾，延迟满足对于 adhd 来说很痛苦，想要最好立马得到。
	
6.很容易情绪化，但是无法将情绪完整表达，吵架 always 处于劣势，吵架时逻辑处于劣势，因此经常陷入无能狂怒的处境。
	
7.从小就是父母老师口中的粗心小孩，考试检查很多遍也还是容易因为粗心而犯错…
	
8.听别人讲话很难专注，往往听着听着思维就开始飘走，光看着对方嘴巴一张一合。
	
9.工作学习需要保持绝对的安静环境，一点点声音都会被吸引走注意力。
	
10.看到这一条已经有点看不下去，下一篇再写吧。
	
#ADHD #ADHD自救 #ADHD儿童 #adhd #adhd症状 #一键查询我的精神状态 #adhd科普 #精神稳定发疯 #活人微死 #焦虑",4天前 浙江,935,149,42,4,2,1,0,0,0,1,1,1,1,1,0,1,0,0,0,0,0,1,1,0,0,935.0,149.0,42.0,疑似患者/自述困扰者,面向读者的科普/建议,症状共鸣/自我识别类,0
144,李安童,你不是懒‼️而是成人ADHD😱,"成人ADHD（成人多动症）是指成年人在注意力方面存在问题，比如注意力不集中、冲动、好动等。这种情况可能给生活和工作带来很大困扰，影响工作效率、社交能力和自我管理等。
成人ADHD的14个特征：
1️⃣思维天马行空
2️⃣做事情没有常规的顺序
3️⃣没法深入思考
4️⃣理解事情后很聪明，经常被人说很有想法
5️⃣短期记性很差
6️⃣丢三落四
7️⃣严重阅读障碍
8️⃣三分钟热度，很难坚持任何一件事
9️⃣偶尔碰到感兴趣的事情，行动力极强，非常容易上头
🔟极度讨厌做家务整理房间
1️⃣1️⃣重度拖延
1️⃣2️⃣嘴巴比脑子快
1️⃣3️⃣焦虑
1️⃣4️⃣很难控制自己的情绪
#不懂就问有问必答 #成人ADHD #ADHD #成人adhd的自救 #女性ADHD #心理咨询 #拖延症 #拯救拖延症",2024-09-16,1493,806,148,2,2,1,0,0,0,0,1,1,1,0,1,1,0,0,0,0,0,1,1,0,0,1493.0,806.0,148.0,心理咨询/心理科普账号,面向读者的科普/建议,症状共鸣/自我识别类,0
145,昭宜 Zoey,天塌了！我在小红书确诊ADHD,"起因是我的崽子实在太活泼了，除了睡觉时间，只要睁眼他没有一刻钟是闲着的，一直玩玩玩，全家人轮番上阵照顾他都快累死了。
长辈还很开心，觉得调皮的孩子很聪明，但是学习了功能医学的我，敏锐的意识到他可能是个A娃，合并他睡眠质量差这个情况，八九不离十
当我在小红书搜索相关案例的时候，看到了已经确诊的姐妹@我睡觉的时候不困
什么？跟我一模一样？原来我就是AD？！！！！
天塌了
1️⃣我小学的记忆是缺失的，3岁以前记忆没有可以理解，可是我五年级前的记忆都少的可怜！最多只能想起来十几件事，再多努力回想，大脑只有一片空白
2️⃣我情绪激动的时候会全身发抖，无力
3️⃣我上学的时候也会发作性睡病，站着都能睡着，拧我都不醒
4️⃣我是空心人，和家人朋友相处都淡淡的，对物欲也淡淡的，哪怕我心里觉得他们非常重要，也不怎么跟他们聊天，就是单纯的想不起来
5️⃣睡眠质量差，多年便秘，过敏体质
6️⃣自控力差，特别喜欢在脑子里幻想和编故事，思绪飘渺，经常飞到十万八千里
7️⃣启动障碍，一件事一直拖着不做，做了就很难停下来，停下后又很难切换另一件事
而且我可能还合并了阿斯伯格症状，因为所有需要社交的场合对我来说都非常痛苦，我只是伪装成在社交而已
并且我在enfp 和infp 之间反复横跳
天呐，光总结就能想象我每天有多内耗了！！！
怪不得我会抑郁，怪不得我会乳腺结节，怪不得我的Vc耐受量比身边人大十几二十倍，原来一切有迹可循。
我自己通过功能医学干预，睡眠质量好很多了，便秘也没了，所以我很多症状都减轻了
至于崽子，唉，幸好他现在才1岁，三岁之前都有机会修正或逆转，我会慢慢努力的",2024-09-21,509,196,44,4,1,1,0,1,1,1,0,1,1,1,1,1,0,0,1,1,1,1,1,1,0,509.0,196.0,44.0,疑似患者/自述困扰者,第一人称亲历,症状共鸣/自我识别类,0
